[
  {
    "model": "base.person",
    "pk": 1,
    "fields": {
      "first_name": "IPA",
      "last_name": "- Instituto Agronômico de Pernambuco",
      "job_title": "Editorial Manager",
      "image": 58
    }
  },
 {
    "model": "base.footertext",
    "pk": 1,
    "fields": {
      "body": "<p><b>Instituto Agronômico de Pernambuco</b>, 2023. Todos os direitos reservados.<br/></p>"
    }
  },
  {
    "model": "base.formfield",
    "pk": 1,
    "fields": {
      "sort_order": 0,
      "label": "Assunto",
      "clean_name": "assunto",
      "field_type": "singleline",
      "required": true,
      "choices": "",
      "default_value": "",
      "help_text": "",
      "page": 69
    }
  },
  {
    "model": "base.formfield",
    "pk": 2,
    "fields": {
      "sort_order": 1,
      "label": "Seu Nome",
      "clean_name": "seu_nome",
      "field_type": "singleline",
      "required": true,
      "choices": "",
      "default_value": "",
      "help_text": "",
      "page": 69
    }
  },
  {
    "model": "base.formfield",
    "pk": 3,
    "fields": {
      "sort_order": 2,
      "label": "Seu Email",
      "clean_name": "seu_email",
      "field_type": "email",
      "required": true,
      "choices": "",
      "default_value": "you@example.com",
      "help_text": "",
      "page": 69
    }
  },
  {
    "model": "base.formfield",
    "pk": 4,
    "fields": {
      "sort_order": 3,
      "label": "Assunto",
      "clean_name": "purpose",
      "field_type": "dropdown",
      "required": true,
      "choices": "Dúvida, Sugestão",
      "default_value": "",
      "help_text": "",
      "page": 69
    }
  },
  {
    "model": "base.formfield",
    "pk": 5,
    "fields": {
      "sort_order": 4,
      "label": "Mensagem",
      "clean_name": "mensagem",
      "field_type": "multiline",
      "required": true,
      "choices": "",
      "default_value": "",
      "help_text": "Digite aqui, a sua mensagem",
      "page": 69
    }
  },
  {
    "model": "blog.blogpersonrelationship",
    "pk": 2,
    "fields": {
      "sort_order": 0,
      "page": 62,
      "person": 1
    }
  },
  {
    "model": "blog.blogpersonrelationship",
    "pk": 3,
    "fields": {
      "sort_order": 0,
      "page": 68,
      "person": 1
    }
  },
  {
    "model": "blog.blogpersonrelationship",
    "pk": 4,
    "fields": {
      "sort_order": 0,
      "page": 72,
      "person": 1
    }
  },
  {
    "model": "blog.blogpersonrelationship",
    "pk": 5,
    "fields": {
      "sort_order": 0,
      "page": 73,
      "person": 1
    }
  },
  {
    "model": "blog.blogpersonrelationship",
    "pk": 6,
    "fields": {
      "sort_order": 0,
      "page": 74,
      "person": 1
    }
  },
  {
    "model": "blog.blogpersonrelationship",
    "pk": 7,
    "fields": {
      "sort_order": 1,
      "page": 74,
      "person": 1
    }
  },
  {
    "model": "blog.blogpersonrelationship",
    "pk": 8,
    "fields": {
      "sort_order": 1,
      "page": 73,
      "person": 1
    }
  },
  {
    "model": "blog.blogpersonrelationship",
    "pk": 9,
    "fields": {
      "sort_order": 0,
      "page": 77,
      "person": 1
    }
  },
  {
    "model": "blog.blogpagetag",
    "pk": 52,
    "fields": {
      "tag": 2,
      "content_object": 62
    }
  },
  {
    "model": "blog.blogpagetag",
    "pk": 76,
    "fields": {
      "tag": 3,
      "content_object": 74
    }
  },
 {
    "model": "blog.blogpagetag",
    "pk": 87,
    "fields": {
      "tag": 3,
      "content_object": 68
    }
  },
   {
    "model": "blog.blogpagetag",
    "pk": 89,
    "fields": {
      "tag": 4,
      "content_object": 72
    }
  },
  {
    "model": "blog.blogpagetag",
    "pk": 90,
    "fields": {
      "tag": 6,
      "content_object": 72
    }
  },
  {
    "model": "blog.blogpagetag",
    "pk": 94,
    "fields": {
      "tag": 2,
      "content_object": 73
    }
  },
  {
    "model": "blog.blogpagetag",
    "pk": 95,
    "fields": {
      "tag": 5,
      "content_object": 73
    }
  },
  {
    "model": "blog.blogpagetag",
    "pk": 97,
    "fields": {
      "tag": 1,
      "content_object": 77
    }
  },
   {
    "model": "blog.blogpagetag",
    "pk": 98,
    "fields": {
      "tag": 2,
      "content_object": 77
    }
  },
  {
    "model": "products.country",
    "pk": 1,
    "fields": {
      "title": "Paulista"
    }
  },
  {
    "model": "products.country",
    "pk": 2,
    "fields": {
      "title": "Recife"
    }
  },
  {
    "model": "products.country",
    "pk": 3,
    "fields": {
      "title": "Olinda"
    }
  },
  {
    "model": "products.country",
    "pk": 4,
    "fields": {
      "title": "Abreu e Lima"
    }
  },
  {
    "model": "products.country",
    "pk": 5,
    "fields": {
      "title": "Araçoiaba"
    }
  },
  {
    "model": "products.country",
    "pk": 6,
    "fields": {
      "title": "Ipojuca"
    }
  },
  {
    "model": "products.country",
    "pk": 7,
    "fields": {
      "title": "Igarassu"
    }
  },
  {
    "model": "products.country",
    "pk": 8,
    "fields": {
      "title": "Jaboatão dos Guararapes"
    }
  },
  {
    "model": "products.country",
    "pk": 9,
    "fields": {
      "title": "Camaragibe"
    }
  },
  {
    "model": "products.country",
    "pk": 10,
    "fields": {
      "title": "Moreno"
    }
  },
  {
    "model": "products.country",
    "pk": 11,
    "fields": {
      "title": "Itapissuma"
    }
  },
  {
    "model": "products.country",
    "pk": 12,
    "fields": {
      "title": "São Lourenço da Mata"
    }
  },
  {
    "model": "products.country",
    "pk": 13,
    "fields": {
      "title": "Ilha de Itamaracá"
    }
  },
  {
    "model": "products.country",
    "pk": 14,
    "fields": {
      "title": "Cabo de Santo Agostinho"
    }
  },
  {
    "model": "locations.locationoperatinghours",
    "pk": 1,
    "fields": {
      "sort_order": 0,
      "day": "SEG",
      "opening_time": "08:00:00",
      "closing_time": "18:00:00",
      "closed": false,
      "location": 64
    }
  },
  {
    "model": "locations.locationoperatinghours",
    "pk": 2,
    "fields": {
      "sort_order": 1,
      "day": "TER",
      "opening_time": "08:00:00",
      "closing_time": "20:00:00",
      "closed": false,
      "location": 64
    }
  },
  {
    "model": "locations.locationoperatinghours",
    "pk": 3,
    "fields": {
      "sort_order": 2,
      "day": "QUA",
      "opening_time": "08:00:00",
      "closing_time": "20:00:00",
      "closed": false,
      "location": 64
    }
  },
  {
    "model": "locations.locationoperatinghours",
    "pk": 4,
    "fields": {
      "sort_order": 3,
      "day": "QUI",
      "opening_time": "08:00:00",
      "closing_time": "17:00:00",
      "closed": false,
      "location": 64
    }
  },
  {
    "model": "locations.locationoperatinghours",
    "pk": 5,
    "fields": {
      "sort_order": 0,
      "day": "SEG",
      "opening_time": "09:00:00",
      "closing_time": "18:00:00",
      "closed": false,
      "location": 65
    }
  },
  {
    "model": "locations.locationoperatinghours",
    "pk": 6,
    "fields": {
      "sort_order": 1,
      "day": "TER",
      "opening_time": "09:00:00",
      "closing_time": "20:00:00",
      "closed": false,
      "location": 65
    }
  },
  {
    "model": "locations.locationoperatinghours",
    "pk": 7,
    "fields": {
      "sort_order": 2,
      "day": "QUA",
      "opening_time": "06:00:00",
      "closing_time": "18:00:00",
      "closed": false,
      "location": 65
    }
  },
  {
    "model": "locations.locationoperatinghours",
    "pk": 8,
    "fields": {
      "sort_order": 3,
      "day": "QUI",
      "opening_time": "09:00:00",
      "closing_time": "22:00:00",
      "closed": false,
      "location": 65
    }
  },
  {
    "model": "locations.locationoperatinghours",
    "pk": 9,
    "fields": {
      "sort_order": 0,
      "day": "SEG",
      "opening_time": "06:00:00",
      "closing_time": "20:00:00",
      "closed": false,
      "location": 66
    }
  },
  {
    "model": "locations.locationoperatinghours",
    "pk": 10,
    "fields": {
      "sort_order": 1,
      "day": "TER",
      "opening_time": "05:00:00",
      "closing_time": "21:00:00",
      "closed": false,
      "location": 66
    }
  },
  {
    "model": "locations.locationoperatinghours",
    "pk": 11,
    "fields": {
      "sort_order": 2,
      "day": "QUA",
      "opening_time": "08:00:00",
      "closing_time": "18:00:00",
      "closed": false,
      "location": 66
    }
  },
  {
    "model": "locations.locationoperatinghours",
    "pk": 12,
    "fields": {
      "sort_order": 3,
      "day": "QUI",
      "opening_time": "07:00:00",
      "closing_time": "19:00:00",
      "closed": false,
      "location": 66
    }
  },
  {
    "model": "locations.locationoperatinghours",
    "pk": 13,
    "fields": {
      "sort_order": 0,
      "day": "SEG",
      "opening_time": "08:00:00",
      "closing_time": "18:00:00",
      "closed": false,
      "location": 67
    }
  },
  {
    "model": "locations.locationoperatinghours",
    "pk": 14,
    "fields": {
      "sort_order": 1,
      "day": "TER",
      "opening_time": null,
      "closing_time": null,
      "closed": true,
      "location": 67
    }
  },
  {
    "model": "locations.locationoperatinghours",
    "pk": 15,
    "fields": {
      "sort_order": 2,
      "day": "QUA",
      "opening_time": "09:00:00",
      "closing_time": "18:00:00",
      "closed": false,
      "location": 67
    }
  },
  {
    "model": "locations.locationoperatinghours",
    "pk": 16,
    "fields": {
      "sort_order": 3,
      "day": "QUI",
      "opening_time": "09:00:00",
      "closing_time": "18:00:00",
      "closed": false,
      "location": 67
    }
  },
  {
    "model": "locations.locationoperatinghours",
    "pk": 17,
    "fields": {
      "sort_order": 4,
      "day": "SEX",
      "opening_time": "09:00:00",
      "closing_time": "18:00:00",
      "closed": false,
      "location": 67
    }
  },
  {
    "model": "locations.locationoperatinghours",
    "pk": 18,
    "fields": {
      "sort_order": 5,
      "day": "SAB",
      "opening_time": "07:00:00",
      "closing_time": "13:00:00",
      "closed": false,
      "location": 67
    }
  },
  {
    "model": "locations.locationoperatinghours",
    "pk": 19,
    "fields": {
      "sort_order": 6,
      "day": "DOM",
      "opening_time": null,
      "closing_time": null,
      "closed": true,
      "location": 67
    }
  },
  {
    "model": "locations.locationoperatinghours",
    "pk": 20,
    "fields": {
      "sort_order": 4,
      "day": "SEX",
      "opening_time": "09:00:00",
      "closing_time": "18:00:00",
      "closed": false,
      "location": 65
    }
  },
  {
    "model": "locations.locationoperatinghours",
    "pk": 21,
    "fields": {
      "sort_order": 5,
      "day": "SAB",
      "opening_time": "09:00:00",
      "closing_time": "13:00:00",
      "closed": false,
      "location": 65
    }
  },
  {
    "model": "locations.locationoperatinghours",
    "pk": 22,
    "fields": {
      "sort_order": 6,
      "day": "DOM",
      "opening_time": null,
      "closing_time": null,
      "closed": true,
      "location": 65
    }
  },
  {
    "model": "locations.locationoperatinghours",
    "pk": 23,
    "fields": {
      "sort_order": 4,
      "day": "SEX",
      "opening_time": "08:00:00",
      "closing_time": "17:00:00",
      "closed": false,
      "location": 64
    }
  },
  {
    "model": "locations.locationoperatinghours",
    "pk": 24,
    "fields": {
      "sort_order": 5,
      "day": "SAB",
      "opening_time": null,
      "closing_time": null,
      "closed": true,
      "location": 64
    }
  },
  {
    "model": "locations.locationoperatinghours",
    "pk": 25,
    "fields": {
      "sort_order": 6,
      "day": "DOM",
      "opening_time": null,
      "closing_time": null,
      "closed": true,
      "location": 64
    }
  },
  {
    "model": "locations.locationoperatinghours",
    "pk": 26,
    "fields": {
      "sort_order": 4,
      "day": "SEX",
      "opening_time": null,
      "closing_time": null,
      "closed": true,
      "location": 66
    }
  },
  {
    "model": "locations.locationoperatinghours",
    "pk": 27,
    "fields": {
      "sort_order": 5,
      "day": "SAB",
      "opening_time": "07:00:00",
      "closing_time": "19:00:00",
      "closed": false,
      "location": 66
    }
  },
  {
    "model": "locations.locationoperatinghours",
    "pk": 28,
    "fields": {
      "sort_order": 6,
      "day": "DOM",
      "opening_time": "09:00:00",
      "closing_time": "12:00:00",
      "closed": false,
      "location": 66
    }
  },
  {
    "model": "locations.locationoperatinghours",
    "pk": 29,
    "fields": {
      "sort_order": 0,
      "day": "SEG",
      "opening_time": "09:00:00",
      "closing_time": "18:00:00",
      "closed": false,
      "location": 78
    }
  },
  {
    "model": "locations.locationoperatinghours",
    "pk": 30,
    "fields": {
      "sort_order": 1,
      "day": "TER",
      "opening_time": "09:00:00",
      "closing_time": "20:00:00",
      "closed": false,
      "location": 78
    }
  },
  {
    "model": "locations.locationoperatinghours",
    "pk": 31,
    "fields": {
      "sort_order": 2,
      "day": "QUA",
      "opening_time": "06:00:00",
      "closing_time": "18:00:00",
      "closed": false,
      "location": 78
    }
  },
  {
    "model": "locations.locationoperatinghours",
    "pk": 32,
    "fields": {
      "sort_order": 3,
      "day": "QUI",
      "opening_time": "09:00:00",
      "closing_time": "22:00:00",
      "closed": false,
      "location": 78
    }
  },
  {
    "model": "locations.locationoperatinghours",
    "pk": 33,
    "fields": {
      "sort_order": 4,
      "day": "SEX",
      "opening_time": "09:00:00",
      "closing_time": "18:00:00",
      "closed": false,
      "location": 78
    }
  },
  {
    "model": "locations.locationoperatinghours",
    "pk": 34,
    "fields": {
      "sort_order": 5,
      "day": "SAB",
      "opening_time": "09:00:00",
      "closing_time": "13:00:00",
      "closed": false,
      "location": 78
    }
  },
  {
    "model": "locations.locationoperatinghours",
    "pk": 35,
    "fields": {
      "sort_order": 6,
      "day": "DOM",
      "opening_time": null,
      "closing_time": null,
      "closed": true,
      "location": 78
    }
  },
  {
    "model": "locations.locationoperatinghours",
    "pk": 36,
    "fields": {
      "sort_order": 0,
      "day": "SEG",
      "opening_time": "09:00:00",
      "closing_time": "18:00:00",
      "closed": false,
      "location": 79
    }
  },
  {
    "model": "locations.locationoperatinghours",
    "pk": 37,
    "fields": {
      "sort_order": 1,
      "day": "TER",
      "opening_time": "09:00:00",
      "closing_time": "20:00:00",
      "closed": false,
      "location": 79
    }
  },
  {
    "model": "locations.locationoperatinghours",
    "pk": 38,
    "fields": {
      "sort_order": 2,
      "day": "QUA",
      "opening_time": "06:00:00",
      "closing_time": "18:00:00",
      "closed": false,
      "location": 79
    }
  },
  {
    "model": "locations.locationoperatinghours",
    "pk": 39,
    "fields": {
      "sort_order": 3,
      "day": "QUI",
      "opening_time": "09:00:00",
      "closing_time": "22:00:00",
      "closed": false,
      "location": 79
    }
  },
  {
    "model": "locations.locationoperatinghours",
    "pk": 40,
    "fields": {
      "sort_order": 4,
      "day": "SEX",
      "opening_time": "09:00:00",
      "closing_time": "18:00:00",
      "closed": false,
      "location": 79
    }
  },
  {
    "model": "locations.locationoperatinghours",
    "pk": 41,
    "fields": {
      "sort_order": 5,
      "day": "SAB",
      "opening_time": "09:00:00",
      "closing_time": "13:00:00",
      "closed": false,
      "location": 79
    }
  },
  {
    "model": "locations.locationoperatinghours",
    "pk": 42,
    "fields": {
      "sort_order": 6,
      "day": "DOM",
      "opening_time": null,
      "closing_time": null,
      "closed": true,
      "location": 79
    }
  },
  {
    "model": "locations.locationoperatinghours",
    "pk": 43,
    "fields": {
      "sort_order": 0,
      "day": "SEG",
      "opening_time": "08:00:00",
      "closing_time": "18:00:00",
      "closed": true,
      "location": 81
    }
  },
  {
    "model": "locations.locationoperatinghours",
    "pk": 44,
    "fields": {
      "sort_order": 1,
      "day": "TER",
      "opening_time": "08:00:00",
      "closing_time": "18:00:00",
      "closed": true,
      "location": 81
    }
  },
  {
    "model": "locations.locationoperatinghours",
    "pk": 45,
    "fields": {
      "sort_order": 2,
      "day": "QUA",
      "opening_time": "08:00:00",
      "closing_time": "18:00:00",
      "closed": true,
      "location": 81
    }
  },
  {
    "model": "locations.locationoperatinghours",
    "pk": 46,
    "fields": {
      "sort_order": 3,
      "day": "QUI",
      "opening_time": "08:00:00",
      "closing_time": "18:00:00",
      "closed": true,
      "location": 81
    }
  },
  {
    "model": "locations.locationoperatinghours",
    "pk": 47,
    "fields": {
      "sort_order": 4,
      "day": "SEX",
      "opening_time": "08:00:00",
      "closing_time": "18:00:00",
      "closed": true,
      "location": 81
    }
  },
  {
    "model": "locations.locationoperatinghours",
    "pk": 48,
    "fields": {
      "sort_order": 5,
      "day": "SAB",
      "opening_time": "10:00:00",
      "closing_time": "16:00:00",
      "closed": true,
      "location": 81
    }
  },
  {
    "model": "locations.locationoperatinghours",
    "pk": 49,
    "fields": {
      "sort_order": 6,
      "day": "DOM",
      "opening_time": null,
      "closing_time": null,
      "closed": true,
      "location": 81
    }
  },
   {
    "model": "locations.locationoperatinghours",
    "pk": 50,
    "fields": {
      "sort_order": 0,
      "day": "SEG",
      "opening_time": "08:00:00",
      "closing_time": "18:00:00",
      "closed": true,
      "location": 82
    }
  },
  {
    "model": "locations.locationoperatinghours",
    "pk": 51,
    "fields": {
      "sort_order": 1,
      "day": "TER",
      "opening_time": "08:00:00",
      "closing_time": "18:00:00",
      "closed": true,
      "location": 82
    }
  },
  {
    "model": "locations.locationoperatinghours",
    "pk": 52,
    "fields": {
      "sort_order": 2,
      "day": "QUA",
      "opening_time": "08:00:00",
      "closing_time": "18:00:00",
      "closed": true,
      "location": 82
    }
  },
  {
    "model": "locations.locationoperatinghours",
    "pk": 53,
    "fields": {
      "sort_order": 3,
      "day": "QUI",
      "opening_time": "08:00:00",
      "closing_time": "18:00:00",
      "closed": true,
      "location": 82
    }
  },
  {
    "model": "locations.locationoperatinghours",
    "pk": 54,
    "fields": {
      "sort_order": 4,
      "day": "SEX",
      "opening_time": "08:00:00",
      "closing_time": "18:00:00",
      "closed": true,
      "location": 82
    }
  },
  {
    "model": "locations.locationoperatinghours",
    "pk": 55,
    "fields": {
      "sort_order": 5,
      "day": "SAB",
      "opening_time": "10:00:00",
      "closing_time": "16:00:00",
      "closed": true,
      "location": 82
    }
  },
  {
    "model": "locations.locationoperatinghours",
    "pk": 56,
    "fields": {
      "sort_order": 6,
      "day": "DOM",
      "opening_time": null,
      "closing_time": null,
      "closed": true,
      "location": 82
    }
  },
   {
    "model": "locations.locationoperatinghours",
    "pk": 57,
    "fields": {
      "sort_order": 0,
      "day": "SEG",
      "opening_time": "08:00:00",
      "closing_time": "18:00:00",
      "closed": true,
      "location": 83
    }
  },
  {
    "model": "locations.locationoperatinghours",
    "pk": 58,
    "fields": {
      "sort_order": 1,
      "day": "TER",
      "opening_time": "08:00:00",
      "closing_time": "18:00:00",
      "closed": true,
      "location": 83
    }
  },
  {
    "model": "locations.locationoperatinghours",
    "pk": 59,
    "fields": {
      "sort_order": 2,
      "day": "QUA",
      "opening_time": "08:00:00",
      "closing_time": "18:00:00",
      "closed": true,
      "location": 83
    }
  },
  {
    "model": "locations.locationoperatinghours",
    "pk": 60,
    "fields": {
      "sort_order": 3,
      "day": "QUI",
      "opening_time": "08:00:00",
      "closing_time": "18:00:00",
      "closed": true,
      "location": 83
    }
  },
  {
    "model": "locations.locationoperatinghours",
    "pk": 61,
    "fields": {
      "sort_order": 4,
      "day": "SEX",
      "opening_time": "08:00:00",
      "closing_time": "18:00:00",
      "closed": true,
      "location": 83
    }
  },
  {
    "model": "locations.locationoperatinghours",
    "pk": 62,
    "fields": {
      "sort_order": 5,
      "day": "SAB",
      "opening_time": "10:00:00",
      "closing_time": "16:00:00",
      "closed": true,
      "location": 83
    }
  },
  {
    "model": "locations.locationoperatinghours",
    "pk": 63,
    "fields": {
      "sort_order": 6,
      "day": "DOM",
      "opening_time": null,
      "closing_time": null,
      "closed": true,
      "location": 83
    }
  },
   {
    "model": "locations.locationoperatinghours",
    "pk": 64,
    "fields": {
      "sort_order": 0,
      "day": "SEG",
      "opening_time": "08:00:00",
      "closing_time": "18:00:00",
      "closed": true,
      "location": 84
    }
  },
  {
    "model": "locations.locationoperatinghours",
    "pk": 65,
    "fields": {
      "sort_order": 1,
      "day": "TER",
      "opening_time": "08:00:00",
      "closing_time": "18:00:00",
      "closed": true,
      "location": 84
    }
  },
  {
    "model": "locations.locationoperatinghours",
    "pk": 66,
    "fields": {
      "sort_order": 2,
      "day": "QUA",
      "opening_time": "08:00:00",
      "closing_time": "18:00:00",
      "closed": true,
      "location": 84
    }
  },
  {
    "model": "locations.locationoperatinghours",
    "pk": 67,
    "fields": {
      "sort_order": 3,
      "day": "QUI",
      "opening_time": "08:00:00",
      "closing_time": "18:00:00",
      "closed": true,
      "location": 84
    }
  },
  {
    "model": "locations.locationoperatinghours",
    "pk": 68,
    "fields": {
      "sort_order": 4,
      "day": "SEX",
      "opening_time": "08:00:00",
      "closing_time": "18:00:00",
      "closed": true,
      "location": 84
    }
  },
  {
    "model": "locations.locationoperatinghours",
    "pk": 69,
    "fields": {
      "sort_order": 5,
      "day": "SAB",
      "opening_time": "10:00:00",
      "closing_time": "16:00:00",
      "closed": true,
      "location": 84
    }
  },
  {
    "model": "locations.locationoperatinghours",
    "pk": 70,
    "fields": {
      "sort_order": 6,
      "day": "DOM",
      "opening_time": null,
      "closing_time": null,
      "closed": true,
      "location": 84
    }
  },
   {
    "model": "locations.locationoperatinghours",
    "pk": 71,
    "fields": {
      "sort_order": 0,
      "day": "SEG",
      "opening_time": "08:00:00",
      "closing_time": "18:00:00",
      "closed": true,
      "location": 85
    }
  },
  {
    "model": "locations.locationoperatinghours",
    "pk": 72,
    "fields": {
      "sort_order": 1,
      "day": "TER",
      "opening_time": "08:00:00",
      "closing_time": "18:00:00",
      "closed": true,
      "location": 85
    }
  },
  {
    "model": "locations.locationoperatinghours",
    "pk": 73,
    "fields": {
      "sort_order": 2,
      "day": "QUA",
      "opening_time": "08:00:00",
      "closing_time": "18:00:00",
      "closed": true,
      "location": 85
    }
  },
  {
    "model": "locations.locationoperatinghours",
    "pk": 74,
    "fields": {
      "sort_order": 3,
      "day": "QUI",
      "opening_time": "08:00:00",
      "closing_time": "18:00:00",
      "closed": true,
      "location": 85
    }
  },
  {
    "model": "locations.locationoperatinghours",
    "pk": 75,
    "fields": {
      "sort_order": 4,
      "day": "SEX",
      "opening_time": "08:00:00",
      "closing_time": "18:00:00",
      "closed": true,
      "location": 85
    }
  },
  {
    "model": "locations.locationoperatinghours",
    "pk": 76,
    "fields": {
      "sort_order": 5,
      "day": "SAB",
      "opening_time": "10:00:00",
      "closing_time": "16:00:00",
      "closed": true,
      "location": 85
    }
  },
  {
    "model": "locations.locationoperatinghours",
    "pk": 77,
    "fields": {
      "sort_order": 6,
      "day": "DOM",
      "opening_time": null,
      "closing_time": null,
      "closed": true,
      "location": 85
    }
  },
   {
    "model": "locations.locationoperatinghours",
    "pk": 78,
    "fields": {
      "sort_order": 0,
      "day": "SEG",
      "opening_time": "08:00:00",
      "closing_time": "18:00:00",
      "closed": true,
      "location": 86
    }
  },
  {
    "model": "locations.locationoperatinghours",
    "pk": 79,
    "fields": {
      "sort_order": 1,
      "day": "TER",
      "opening_time": "08:00:00",
      "closing_time": "18:00:00",
      "closed": true,
      "location": 86
    }
  },
  {
    "model": "locations.locationoperatinghours",
    "pk": 80,
    "fields": {
      "sort_order": 2,
      "day": "QUA",
      "opening_time": "08:00:00",
      "closing_time": "18:00:00",
      "closed": true,
      "location": 86
    }
  },
  {
    "model": "locations.locationoperatinghours",
    "pk": 81,
    "fields": {
      "sort_order": 3,
      "day": "QUI",
      "opening_time": "08:00:00",
      "closing_time": "18:00:00",
      "closed": true,
      "location": 86
    }
  },
  {
    "model": "locations.locationoperatinghours",
    "pk": 82,
    "fields": {
      "sort_order": 4,
      "day": "SEX",
      "opening_time": "08:00:00",
      "closing_time": "18:00:00",
      "closed": true,
      "location": 86
    }
  },
  {
    "model": "locations.locationoperatinghours",
    "pk": 83,
    "fields": {
      "sort_order": 5,
      "day": "SAB",
      "opening_time": "10:00:00",
      "closing_time": "16:00:00",
      "closed": true,
      "location": 86
    }
  },
  {
    "model": "locations.locationoperatinghours",
    "pk": 84,
    "fields": {
      "sort_order": 6,
      "day": "DOM",
      "opening_time": null,
      "closing_time": null,
      "closed": true,
      "location": 86
    }
  },
   {
    "model": "locations.locationoperatinghours",
    "pk": 85,
    "fields": {
      "sort_order": 0,
      "day": "SEG",
      "opening_time": "08:00:00",
      "closing_time": "18:00:00",
      "closed": true,
      "location": 87
    }
  },
  {
    "model": "locations.locationoperatinghours",
    "pk": 86,
    "fields": {
      "sort_order": 1,
      "day": "TER",
      "opening_time": "08:00:00",
      "closing_time": "18:00:00",
      "closed": true,
      "location": 87
    }
  },
  {
    "model": "locations.locationoperatinghours",
    "pk": 87,
    "fields": {
      "sort_order": 2,
      "day": "QUA",
      "opening_time": "08:00:00",
      "closing_time": "18:00:00",
      "closed": true,
      "location": 87
    }
  },
  {
    "model": "locations.locationoperatinghours",
    "pk": 88,
    "fields": {
      "sort_order": 3,
      "day": "QUI",
      "opening_time": "08:00:00",
      "closing_time": "18:00:00",
      "closed": true,
      "location": 87
    }
  },
  {
    "model": "locations.locationoperatinghours",
    "pk": 89,
    "fields": {
      "sort_order": 4,
      "day": "SEX",
      "opening_time": "08:00:00",
      "closing_time": "18:00:00",
      "closed": true,
      "location": 87
    }
  },
  {
    "model": "locations.locationoperatinghours",
    "pk": 90,
    "fields": {
      "sort_order": 5,
      "day": "SAB",
      "opening_time": "10:00:00",
      "closing_time": "16:00:00",
      "closed": true,
      "location": 87
    }
  },
  {
    "model": "locations.locationoperatinghours",
    "pk": 91,
    "fields": {
      "sort_order": 6,
      "day": "DOM",
      "opening_time": null,
      "closing_time": null,
      "closed": true,
      "location": 87
    }
  },
   {
    "model": "locations.locationoperatinghours",
    "pk": 92,
    "fields": {
      "sort_order": 0,
      "day": "SEG",
      "opening_time": "08:00:00",
      "closing_time": "18:00:00",
      "closed": true,
      "location": 87
    }
  },
  {
    "model": "locations.locationoperatinghours",
    "pk": 93,
    "fields": {
      "sort_order": 1,
      "day": "TER",
      "opening_time": "08:00:00",
      "closing_time": "18:00:00",
      "closed": true,
      "location": 87
    }
  },
  {
    "model": "locations.locationoperatinghours",
    "pk": 94,
    "fields": {
      "sort_order": 2,
      "day": "QUA",
      "opening_time": "08:00:00",
      "closing_time": "18:00:00",
      "closed": true,
      "location": 87
    }
  },
  {
    "model": "locations.locationoperatinghours",
    "pk": 95,
    "fields": {
      "sort_order": 3,
      "day": "QUI",
      "opening_time": "08:00:00",
      "closing_time": "18:00:00",
      "closed": true,
      "location": 87
    }
  },
  {
    "model": "locations.locationoperatinghours",
    "pk": 96,
    "fields": {
      "sort_order": 4,
      "day": "SEX",
      "opening_time": "08:00:00",
      "closing_time": "18:00:00",
      "closed": true,
      "location": 87
    }
  },
  {
    "model": "locations.locationoperatinghours",
    "pk": 97,
    "fields": {
      "sort_order": 5,
      "day": "SAB",
      "opening_time": "10:00:00",
      "closing_time": "16:00:00",
      "closed": true,
      "location": 87
    }
  },
  {
    "model": "locations.locationoperatinghours",
    "pk": 98,
    "fields": {
      "sort_order": 6,
      "day": "DOM",
      "opening_time": null,
      "closing_time": null,
      "closed": true,
      "location": 87
    }
  },
  {
    "model": "wagtailforms.formsubmission",
    "pk": 1,
    "fields": {
      "form_data": {
        "purpose": "Feedback",
        "subject": "What's up?",
        "body": "Love what you guys are doing with the site so far.",
        "your_name": "Scot Hacker",
        "your_email": "shacker@birdhouse.org"
      },
      "page": 69,
      "submit_time": "2019-02-15T16:56:48.939Z"
    }
  },
  {
    "model": "wagtailsearch.query",
    "pk": 1,
    "fields": {
      "query_string": "chocolate"
    }
  },
  {
    "model": "wagtailsearch.query",
    "pk": 2,
    "fields": {
      "query_string": "london"
    }
  },
  {
    "model": "wagtailsearch.query",
    "pk": 3,
    "fields": {
      "query_string": "circus"
    }
  },
  {
    "model": "wagtailsearch.querydailyhits",
    "pk": 1,
    "fields": {
      "query": 1,
      "date": "2019-02-11",
      "hits": 2
    }
  },
  {
    "model": "wagtailsearch.querydailyhits",
    "pk": 2,
    "fields": {
      "query": 2,
      "date": "2019-02-15",
      "hits": 1
    }
  },
  {
    "model": "wagtailsearch.querydailyhits",
    "pk": 3,
    "fields": {
      "query": 3,
      "date": "2019-02-24",
      "hits": 1
    }
  },
  {
    "model": "wagtailcore.site",
    "pk": 2,
    "fields": {
      "hostname": "127.0.0.1",
      "port": 8000,
      "site_name": "Wagtail Bakery",
      "root_page": 60,
      "is_default_site": true
    }
  },
  {
    "model": "wagtailcore.collection",
    "pk": 1,
    "fields": {
      "path": "0001",
      "depth": 1,
      "numchild": 3,
      "name": "Root"
    }
  },
  {
    "model": "wagtailcore.collection",
    "pk": 2,
    "fields": {
      "path": "00010001",
      "depth": 2,
      "numchild": 0,
      "name": "Produtos"
    }
  },
  {
    "model": "wagtailcore.collection",
    "pk": 3,
    "fields": {
      "path": "00010003",
      "depth": 2,
      "numchild": 0,
      "name": "Outros"
    }
  },
  {
    "model": "wagtailcore.collection",
    "pk": 4,
    "fields": {
      "path": "00010002",
      "depth": 2,
      "numchild": 0,
      "name": "Locais"
    }
  },
  {
    "model": "taggit.tag",
    "pk": 1,
    "fields": {
      "name": "dietas",
      "slug": "dietas"
    }
  },
  {
    "model": "taggit.tag",
    "pk": 2,
    "fields": {
      "name": "receitas",
      "slug": "receitas"
    }
  },
  {
    "model": "taggit.tag",
    "pk": 3,
    "fields": {
      "name": "frutas",
      "slug": "frutas"
    }
  },
  {
    "model": "taggit.tag",
    "pk": 4,
    "fields": {
      "name": "feiras",
      "slug": "feiras"
    }
  },
  {
    "model": "taggit.tag",
    "pk": 5,
    "fields": {
      "name": "sucos",
      "slug": "sucos"
    }
  },
  {
    "model": "taggit.tag",
    "pk": 6,
    "fields": {
      "name": "verduras",
      "slug": "verduras"
    }
  },
  {
    "model": "taggit.tag",
    "pk": 7,
    "fields": {
      "name": "baking",
      "slug": "baking"
    }
  },
  {
    "model": "taggit.tag",
    "pk": 8,
    "fields": {
      "name": "grain",
      "slug": "grain"
    }
  },
  {
    "model": "taggit.tag",
    "pk": 9,
    "fields": {
      "name": "soda",
      "slug": "soda"
    }
  },
  {
    "model": "taggit.tag",
    "pk": 10,
    "fields": {
      "name": "sandwich",
      "slug": "sandwich"
    }
  },
  {
    "model": "taggit.tag",
    "pk": 11,
    "fields": {
      "name": "dessert",
      "slug": "dessert"
    }
  },
  {
    "model": "taggit.tag",
    "pk": 12,
    "fields": {
      "name": "pie",
      "slug": "pie"
    }
  },
  {
    "model": "taggit.tag",
    "pk": 13,
    "fields": {
      "name": "fire",
      "slug": "fire"
    }
  },
  {
    "model": "auth.group",
    "pk": 1,
    "fields": {
      "name": "Moderators",
      "permissions": [
        ["access_admin", "wagtailadmin", "admin"],
        ["add_document", "wagtaildocs", "document"],
        ["change_document", "wagtaildocs", "document"],
        ["delete_document", "wagtaildocs", "document"],
        ["add_image", "wagtailimages", "image"],
        ["change_image", "wagtailimages", "image"],
        ["delete_image", "wagtailimages", "image"]
      ]
    }
  },
  {
    "model": "auth.group",
    "pk": 2,
    "fields": {
      "name": "Editors",
      "permissions": [
        ["access_admin", "wagtailadmin", "admin"],
        ["add_document", "wagtaildocs", "document"],
        ["change_document", "wagtaildocs", "document"],
        ["delete_document", "wagtaildocs", "document"],
        ["add_image", "wagtailimages", "image"],
        ["change_image", "wagtailimages", "image"],
        ["delete_image", "wagtailimages", "image"]
      ]
    }
  },
  {
    "model": "auth.user",
    "pk": 3,
    "fields": {
      "password": "pbkdf2_sha256$30000$eIoVnauBvLhA$aPWJSlHK+F/rW7SKunxJ/RnXNQHx0uh6K/kVRyPn0XY=",
      "last_login": "2019-04-23T19:58:19.460Z",
      "is_superuser": true,
      "username": "admin",
      "first_name": "Admin",
      "last_name": "User",
      "email": "admin@example.com",
      "is_staff": true,
      "is_active": true,
      "date_joined": "2019-02-17T07:37:53.700Z",
      "groups": [],
      "user_permissions": []
    }
  },
  {
    "model": "wagtailcore.grouppagepermission",
    "pk": 1,
    "fields": {
      "group": ["Moderators"],
      "page": 1,
      "permission_type": "add"
    }
  },
  {
    "model": "wagtailcore.grouppagepermission",
    "pk": 2,
    "fields": {
      "group": ["Moderators"],
      "page": 1,
      "permission_type": "edit"
    }
  },
  {
    "model": "wagtailcore.grouppagepermission",
    "pk": 3,
    "fields": {
      "group": ["Moderators"],
      "page": 1,
      "permission_type": "publish"
    }
  },
  {
    "model": "wagtailcore.grouppagepermission",
    "pk": 4,
    "fields": {
      "group": ["Editors"],
      "page": 1,
      "permission_type": "add"
    }
  },
  {
    "model": "wagtailcore.grouppagepermission",
    "pk": 5,
    "fields": {
      "group": ["Editors"],
      "page": 1,
      "permission_type": "edit"
    }
  },
  {
    "model": "wagtailcore.grouppagepermission",
    "pk": 6,
    "fields": {
      "group": ["Moderators"],
      "page": 1,
      "permission_type": "lock"
    }
  },
  {
    "model": "wagtailcore.page",
    "pk": 1,
    "fields": {
      "path": "0001",
      "depth": 1,
      "numchild": 1,
      "title": "Root",
      "draft_title": "Root",
      "slug": "root",
      "content_type": ["wagtailcore", "page"],
      "live": true,
      "has_unpublished_changes": false,
      "url_path": "/",
      "owner": null,
      "seo_title": "",
      "show_in_menus": false,
      "search_description": "",
      "go_live_at": null,
      "expire_at": null,
      "expired": false,
      "locked": false,
      "first_published_at": null,
      "latest_revision_created_at": null
    }
  },
  {
    "model": "wagtailcore.page",
    "pk": 3,
    "fields": {
      "path": "000100020001",
      "depth": 3,
      "numchild": 11,
      "title": "Produtos",
      "draft_title": "Produtos",
      "slug": "produtos",
      "content_type": ["products", "productsindexpage"],
      "live": true,
      "has_unpublished_changes": false,
      "url_path": "/home/produtos/",
      "owner": null,
      "seo_title": "",
      "show_in_menus": true,
      "search_description": "",
      "go_live_at": null,
      "expire_at": null,
      "expired": false,
      "locked": false,
      "first_published_at": "2022-11-10T11:34:11.560Z",
      "latest_revision_created_at": "2022-11-22T06:54:24.677Z"
    }
  },
  {
    "model": "wagtailcore.page",
    "pk": 34,
    "fields": {
      "path": "0001000200010003",
      "depth": 4,
      "numchild": 0,
      "title": "Batata Doce",
      "draft_title": "BatataDoce",
      "slug": "batata-doce",
      "content_type": ["products", "productpage"],
      "live": true,
      "has_unpublished_changes": false,
      "url_path": "/home/produtos/batata-doce/",
      "owner": null,
      "seo_title": "",
      "show_in_menus": false,
      "search_description": "",
      "go_live_at": null,
      "expire_at": null,
      "expired": false,
      "locked": false,
      "first_published_at": "2019-02-10T13:00:21.882Z",
      "latest_revision_created_at": "2019-02-25T08:27:47.625Z"
    }
  },
  {
    "model": "wagtailcore.page",
    "pk": 35,
    "fields": {
      "path": "0001000200010004",
      "depth": 4,
      "numchild": 0,
      "title": "Acerola",
      "draft_title": "Acerola",
      "slug": "acerola",
      "content_type": ["products", "productpage"],
      "live": true,
      "has_unpublished_changes": false,
      "url_path": "/home/produtos/acerola/",
      "owner": null,
      "seo_title": "",
      "show_in_menus": false,
      "search_description": "",
      "go_live_at": null,
      "expire_at": null,
      "expired": false,
      "locked": false,
      "first_published_at": "2019-02-10T13:00:21.931Z",
      "latest_revision_created_at": "2019-02-23T08:31:07.640Z"
    }
  },
  {
    "model": "wagtailcore.page",
    "pk": 36,
    "fields": {
      "path": "0001000200010005",
      "depth": 4,
      "numchild": 0,
      "title": "Laranja",
      "draft_title": "Laranja",
      "slug": "laranja",
      "content_type": ["products", "productpage"],
      "live": true,
      "has_unpublished_changes": false,
      "url_path": "/home/produtos/laranja/",
      "owner": null,
      "seo_title": "",
      "show_in_menus": false,
      "search_description": "",
      "go_live_at": null,
      "expire_at": null,
      "expired": false,
      "locked": false,
      "first_published_at": "2019-02-10T13:00:21.980Z",
      "latest_revision_created_at": "2019-02-23T08:14:23.196Z"
    }
  },
  {
    "model": "wagtailcore.page",
    "pk": 37,
    "fields": {
      "path": "0001000200010006",
      "depth": 4,
      "numchild": 0,
      "title": "Banana",
      "draft_title": "Banana",
      "slug": "banana",
      "content_type": ["products", "productpage"],
      "live": true,
      "has_unpublished_changes": false,
      "url_path": "/home/produtos/banana/",
      "owner": null,
      "seo_title": "",
      "show_in_menus": false,
      "search_description": "",
      "go_live_at": null,
      "expire_at": null,
      "expired": false,
      "locked": false,
      "first_published_at": "2019-02-10T13:00:22.029Z",
      "latest_revision_created_at": "2019-02-23T08:10:31.068Z"
    }
  },
  {
    "model": "wagtailcore.page",
    "pk": 39,
    "fields": {
      "path": "0001000200010008",
      "depth": 4,
      "numchild": 0,
      "title": "Coentro",
      "draft_title": "Coentro",
      "slug": "coentro",
      "content_type": ["products", "productpage"],
      "live": true,
      "has_unpublished_changes": false,
      "url_path": "/home/produtos/coentro/",
      "owner": null,
      "seo_title": "",
      "show_in_menus": false,
      "search_description": "",
      "go_live_at": null,
      "expire_at": null,
      "expired": false,
      "locked": false,
      "first_published_at": "2019-02-10T13:00:22.127Z",
      "latest_revision_created_at": "2019-02-23T08:01:54.867Z"
    }
  },
  {
    "model": "wagtailcore.page",
    "pk": 40,
    "fields": {
      "path": "0001000200010009",
      "depth": 4,
      "numchild": 0,
      "title": "Beterraba",
      "draft_title": "Beterraba",
      "slug": "beterraba",
      "content_type": ["products", "productpage"],
      "live": true,
      "has_unpublished_changes": false,
      "url_path": "/home/produtos/beterraba/",
      "owner": null,
      "seo_title": "",
      "show_in_menus": false,
      "search_description": "",
      "go_live_at": null,
      "expire_at": null,
      "expired": false,
      "locked": false,
      "first_published_at": "2019-02-10T13:00:22.180Z",
      "latest_revision_created_at": "2019-02-23T08:04:51.407Z"
    }
  },
  {
    "model": "wagtailcore.page",
    "pk": 42,
    "fields": {
      "path": "000100020001000B",
      "depth": 4,
      "numchild": 0,
      "title": "Alface",
      "draft_title": "Alface",
      "slug": "alface",
      "content_type": ["products", "productpage"],
      "live": true,
      "has_unpublished_changes": false,
      "url_path": "/home/produtos/alface/",
      "owner": null,
      "seo_title": "",
      "show_in_menus": false,
      "search_description": "",
      "go_live_at": null,
      "expire_at": null,
      "expired": false,
      "locked": false,
      "first_published_at": "2019-02-10T13:00:22.274Z",
      "latest_revision_created_at": "2019-02-23T08:01:15.242Z"
    }
  },
  {
    "model": "wagtailcore.page",
    "pk": 49,
    "fields": {
      "path": "000100020001000I",
      "depth": 4,
      "numchild": 0,
      "title": "Cenoura",
      "draft_title": "Cenoura",
      "slug": "cenoura",
      "content_type": ["products", "productpage"],
      "live": true,
      "has_unpublished_changes": false,
      "url_path": "/home/produtos/cenoura/",
      "owner": null,
      "seo_title": "",
      "show_in_menus": false,
      "search_description": "",
      "go_live_at": null,
      "expire_at": null,
      "expired": false,
      "locked": false,
      "first_published_at": "2019-02-10T13:00:22.655Z",
      "latest_revision_created_at": "2019-02-23T08:28:25.337Z"
    }
  },
  {
    "model": "wagtailcore.page",
    "pk": 53,
    "fields": {
      "path": "000100020001000M",
      "depth": 4,
      "numchild": 0,
      "title": "Cebola",
      "draft_title": "Cebola",
      "slug": "cebola",
      "content_type": ["products", "productpage"],
      "live": true,
      "has_unpublished_changes": false,
      "url_path": "/home/produtos/cebola/",
      "owner": null,
      "seo_title": "",
      "show_in_menus": false,
      "search_description": "",
      "go_live_at": null,
      "expire_at": null,
      "expired": false,
      "locked": false,
      "first_published_at": "2019-02-10T13:00:22.866Z",
      "latest_revision_created_at": "2019-02-23T08:26:10.026Z"
    }
  },
  {
    "model": "wagtailcore.page",
    "pk": 57,
    "fields": {
      "path": "000100020001000Q",
      "depth": 4,
      "numchild": 0,
      "title": "Repolho",
      "draft_title": "Repolho",
      "slug": "repolho",
      "content_type": ["products", "productpage"],
      "live": true,
      "has_unpublished_changes": false,
      "url_path": "/home/produtos/repolho/",
      "owner": null,
      "seo_title": "",
      "show_in_menus": false,
      "search_description": "",
      "go_live_at": null,
      "expire_at": null,
      "expired": false,
      "locked": false,
      "first_published_at": "2019-02-10T13:00:23.065Z",
      "latest_revision_created_at": "2019-02-23T08:20:09.645Z"
    }
  },
  {
    "model": "wagtailcore.page",
    "pk": 59,
    "fields": {
      "path": "000100020001000S",
      "depth": 4,
      "numchild": 0,
      "title": "Tomate",
      "draft_title": "Tomate",
      "slug": "tomate",
      "content_type": ["products", "productpage"],
      "live": true,
      "has_unpublished_changes": false,
      "url_path": "/home/produtos/tomate/",
      "owner": null,
      "seo_title": "",
      "show_in_menus": false,
      "search_description": "",
      "go_live_at": null,
      "expire_at": null,
      "expired": false,
      "locked": false,
      "first_published_at": "2019-02-10T13:00:23.169Z",
      "latest_revision_created_at": "2019-02-23T08:08:39.568Z"
    }
  },
  {
    "model": "wagtailcore.page",
    "pk": 60,
    "fields": {
      "path": "00010002",
      "depth": 2,
      "numchild": 6,
      "title": "Bem vindo ao Portal da Agricultura Urbana e Periurbana!",
      "draft_title": "Bem vindo ao Portal da Agricultura Urbana e Periurbana!",
      "slug": "home",
      "content_type": ["base", "homepage"],
      "live": true,
      "has_unpublished_changes": false,
      "url_path": "/home/",
      "owner": null,
      "seo_title": "Home",
      "show_in_menus": false,
      "search_description": "",
      "go_live_at": null,
      "expire_at": null,
      "expired": false,
      "locked": false,
      "first_published_at": "2022-11-10T16:24:31.388Z",
      "latest_revision_created_at": "2022-11-29T18:24:51.618Z"
    }
  },
  {
    "model": "wagtailcore.page",
    "pk": 61,
    "fields": {
      "path": "000100020004",
      "depth": 3,
      "numchild": 6,
      "title": "Blog",
      "draft_title": "Blog",
      "slug": "blog",
      "content_type": ["blog", "blogindexpage"],
      "live": true,
      "has_unpublished_changes": false,
      "url_path": "/home/blog/",
      "owner": null,
      "seo_title": "Wagtail Bakeries Blog",
      "show_in_menus": true,
      "search_description": "",
      "go_live_at": null,
      "expire_at": null,
      "expired": false,
      "locked": false,
      "first_published_at": "2019-02-10T16:25:47.179Z",
      "latest_revision_created_at": "2019-04-23T20:04:30.432Z"
    }
  },
  {
    "model": "wagtailcore.page",
    "pk": 62,
    "fields": {
      "path": "0001000200040001",
      "depth": 4,
      "numchild": 0,
      "title": "Nunc mattis magna ante, ac ultrices mauris fringilla vitae.",
      "draft_title": "Nunc mattis magna ante, ac ultrices mauris fringilla vitae.",
      "slug": "wild-yeast",
      "content_type": ["blog", "blogpage"],
      "live": true,
      "has_unpublished_changes": true,
      "url_path": "/home/blog/wild-yeast/",
      "owner": null,
      "seo_title": "",
      "show_in_menus": false,
      "search_description": "",
      "go_live_at": null,
      "expire_at": null,
      "expired": false,
      "locked": false,
      "first_published_at": "2019-02-10T16:26:58.040Z",
      "latest_revision_created_at": "2019-04-01T07:35:45.288Z"
    }
  },
  {
    "model": "wagtailcore.page",
    "pk": 63,
    "fields": {
      "path": "000100020003",
      "depth": 3,
      "numchild": 6,
      "title": "Locais",
      "draft_title": "Locais",
      "slug": "locations",
      "content_type": ["locations", "locationsindexpage"],
      "live": true,
      "has_unpublished_changes": false,
      "url_path": "/home/locations/",
      "owner": null,
      "seo_title": "",
      "show_in_menus": true,
      "search_description": "",
      "go_live_at": null,
      "expire_at": null,
      "expired": false,
      "locked": false,
      "first_published_at": "2019-02-10T16:39:04.527Z",
      "latest_revision_created_at": "2019-03-06T02:26:16.335Z"
    }
  },
  {
    "model": "wagtailcore.page",
    "pk": 64,
    "fields": {
      "path": "0001000200030001",
      "depth": 4,
      "numchild": 0,
      "title": "Paulista",
      "draft_title": "Paulista",
      "slug": "paulista",
      "content_type": ["locations", "locationpage"],
      "live": true,
      "has_unpublished_changes": false,
      "url_path": "/home/locations/paulista/",
      "owner": null,
      "seo_title": "",
      "show_in_menus": false,
      "search_description": "",
      "go_live_at": null,
      "expire_at": null,
      "expired": false,
      "locked": false,
      "first_published_at": "2019-02-10T16:39:55.909Z",
      "latest_revision_created_at": "2019-03-29T17:50:19.047Z"
    }
  },
  {
    "model": "wagtailcore.page",
    "pk": 65,
    "fields": {
      "path": "0001000200030002",
      "depth": 4,
      "numchild": 0,
      "title": "Abreu e Lima",
      "draft_title": "Abreu e Lima",
      "slug": "abreu-e-lima",
      "content_type": ["locations", "locationpage"],
      "live": true,
      "has_unpublished_changes": false,
      "url_path": "/home/locations/abreu-e-lima/",
      "owner": null,
      "seo_title": "",
      "show_in_menus": false,
      "search_description": "",
      "go_live_at": null,
      "expire_at": null,
      "expired": false,
      "locked": false,
      "first_published_at": "2019-02-11T23:10:22.386Z",
      "latest_revision_created_at": "2019-03-29T17:33:10.041Z"
    }
  },
  {
    "model": "wagtailcore.page",
    "pk": 66,
    "fields": {
      "path": "0001000200030003",
      "depth": 4,
      "numchild": 0,
      "title": "Araçoiaba",
      "draft_title": "Araçoiaba",
      "slug": "aracoiaba",
      "content_type": ["locations", "locationpage"],
      "live": true,
      "has_unpublished_changes": false,
      "url_path": "/home/locations/aracoiaba/",
      "owner": null,
      "seo_title": "",
      "show_in_menus": false,
      "search_description": "",
      "go_live_at": null,
      "expire_at": null,
      "expired": false,
      "locked": false,
      "first_published_at": "2019-02-11T23:13:20.488Z",
      "latest_revision_created_at": "2019-03-29T18:03:09.098Z"
    }
  },
  {
    "model": "wagtailcore.page",
    "pk": 67,
    "fields": {
      "path": "0001000200030004",
      "depth": 4,
      "numchild": 0,
      "title": "Cabo de Santo Agostinho",
      "draft_title": "Cabo de Santo Agostinho",
      "slug": "cabo-de-santo-agostinho",
      "content_type": ["locations", "locationpage"],
      "live": true,
      "has_unpublished_changes": false,
      "url_path": "/home/locations/cabo-de-santo-agostinho/",
      "owner": null,
      "seo_title": "",
      "show_in_menus": false,
      "search_description": "",
      "go_live_at": null,
      "expire_at": null,
      "expired": false,
      "locked": false,
      "first_published_at": "2019-02-11T23:15:58.149Z",
      "latest_revision_created_at": "2019-03-29T17:29:33.457Z"
    }
  },
  {
    "model": "wagtailcore.page",
    "pk": 68,
    "fields": {
      "path": "0001000200040002",
      "depth": 4,
      "numchild": 0,
      "title": "Nunc convallis vestibulum lacinia.",
      "draft_title": "Nunc convallis vestibulum lacinia.",
      "slug": "bread-circuses",
      "content_type": ["blog", "blogpage"],
      "live": true,
      "has_unpublished_changes": false,
      "url_path": "/home/blog/bread-circuses/",
      "owner": null,
      "seo_title": "",
      "show_in_menus": false,
      "search_description": "",
      "go_live_at": null,
      "expire_at": null,
      "expired": false,
      "locked": false,
      "first_published_at": "2019-02-15T07:42:52.978Z",
      "latest_revision_created_at": "2019-03-29T06:19:57.009Z"
    }
  },
  {
    "model": "wagtailcore.page",
    "pk": 69,
    "fields": {
      "path": "000100020006",
      "depth": 3,
      "numchild": 0,
      "title": "Contato",
      "draft_title": "Contato",
      "slug": "contact",
      "content_type": ["base", "formpage"],
      "live": true,
      "has_unpublished_changes": false,
      "url_path": "/home/contact/",
      "owner": null,
      "seo_title": "",
      "show_in_menus": true,
      "search_description": "",
      "go_live_at": null,
      "expire_at": null,
      "expired": false,
      "locked": false,
      "first_published_at": "2022-11-15T16:55:56.085Z",
      "latest_revision_created_at": "2022-11-15T17:08:05.684Z"
    }
  },
  {
    "model": "wagtailcore.page",
    "pk": 70,
    "fields": {
      "path": "000100020005",
      "depth": 3,
      "numchild": 0,
      "title": "Galeria",
      "draft_title": "Galeria",
      "slug": "gallery",
      "content_type": ["base", "gallerypage"],
      "live": true,
      "has_unpublished_changes": false,
      "url_path": "/home/gallery/",
      "owner": ["admin"],
      "seo_title": "",
      "show_in_menus": true,
      "search_description": "",
      "go_live_at": null,
      "expire_at": null,
      "expired": false,
      "locked": false,
      "first_published_at": "2019-02-17T07:51:47.230Z",
      "latest_revision_created_at": "2019-02-22T07:57:12.151Z"
    }
  },
  {
    "model": "wagtailcore.page",
    "pk": 72,
    "fields": {
      "path": "0001000200040003",
      "depth": 4,
      "numchild": 0,
      "title": "Phasellus suscipit ullamcorper laoreet.",
      "draft_title": "Phasellus suscipit ullamcorper laoreet.",
      "slug": "icelandic-baking",
      "content_type": ["blog", "blogpage"],
      "live": true,
      "has_unpublished_changes": false,
      "url_path": "/home/blog/icelandic-baking/",
      "owner": ["admin"],
      "seo_title": "",
      "show_in_menus": false,
      "search_description": "",
      "go_live_at": null,
      "expire_at": null,
      "expired": false,
      "locked": false,
      "first_published_at": "2019-02-21T08:07:11.832Z",
      "latest_revision_created_at": "2019-03-29T06:52:34.448Z"
    }
  },
  {
    "model": "wagtailcore.page",
    "pk": 73,
    "fields": {
      "path": "0001000200040004",
      "depth": 4,
      "numchild": 0,
      "title": "Sed vel placerat odio, sed ullamcorper sem.",
      "draft_title": "Sed vel placerat odio, sed ullamcorper sem.",
      "slug": "joy-baking-soda",
      "content_type": ["blog", "blogpage"],
      "live": true,
      "has_unpublished_changes": false,
      "url_path": "/home/blog/joy-baking-soda/",
      "owner": ["admin"],
      "seo_title": "",
      "show_in_menus": false,
      "search_description": "",
      "go_live_at": null,
      "expire_at": null,
      "expired": false,
      "locked": false,
      "first_published_at": "2019-02-21T08:12:04.176Z",
      "latest_revision_created_at": "2019-03-29T06:58:56.151Z"
    }
  },
  {
    "model": "wagtailcore.page",
    "pk": 74,
    "fields": {
      "path": "0001000200040005",
      "depth": 4,
      "numchild": 0,
      "title": "Sed vitae auctor sapien. ",
      "draft_title": "Sed vitae auctor sapien. ",
      "slug": "sliced-bread",
      "content_type": ["blog", "blogpage"],
      "live": true,
      "has_unpublished_changes": true,
      "url_path": "/home/blog/sliced-bread/",
      "owner": ["admin"],
      "seo_title": "",
      "show_in_menus": false,
      "search_description": "",
      "go_live_at": null,
      "expire_at": null,
      "expired": false,
      "locked": false,
      "first_published_at": "2019-02-21T08:17:21.604Z",
      "latest_revision_created_at": "2019-04-01T07:35:26.199Z"
    }
  },
  {
    "model": "wagtailcore.page",
    "pk": 76,
    "fields": {
      "path": "000100020007",
      "depth": 3,
      "numchild": 0,
      "title": "Sobre",
      "draft_title": "Sobre",
      "slug": "about",
      "content_type": ["base", "standardpage"],
      "live": true,
      "has_unpublished_changes": false,
      "url_path": "/home/about/",
      "owner": ["admin"],
      "seo_title": "",
      "show_in_menus": true,
      "search_description": "",
      "go_live_at": null,
      "expire_at": null,
      "expired": false,
      "locked": false,
      "first_published_at": "2022-11-17T07:03:16.637Z",
      "latest_revision_created_at": "2022-11-17T07:47:50.894Z"
    }
  },
  {
    "model": "wagtailcore.page",
    "pk": 77,
    "fields": {
      "path": "0001000200040006",
      "depth": 4,
      "numchild": 0,
      "title": "Aenean eros odio, mollis non arcu nec.",
      "draft_title": "Aenean eros odio, mollis non arcu nec.",
      "slug": "desserts-benefits",
      "content_type": ["blog", "blogpage"],
      "live": true,
      "has_unpublished_changes": false,
      "url_path": "/home/blog/desserts-benefits/",
      "owner": ["admin"],
      "seo_title": "",
      "show_in_menus": false,
      "search_description": "",
      "go_live_at": null,
      "expire_at": null,
      "expired": false,
      "locked": false,
      "first_published_at": "2019-03-22T06:31:05.324Z",
      "latest_revision_created_at": "2019-04-23T20:03:47.050Z"
    }
  },
  {
    "model": "wagtailcore.page",
    "pk": 78,
    "fields": {
      "path": "0001000200030005",
      "depth": 4,
      "numchild": 0,
      "title": "Camaragibe",
      "draft_title": "Camaragibe",
      "slug": "camaragibe",
      "content_type": ["locations", "locationpage"],
      "live": true,
      "has_unpublished_changes": false,
      "url_path": "/home/locations/camaragibe/",
      "owner": ["admin"],
      "seo_title": "",
      "show_in_menus": false,
      "search_description": "",
      "go_live_at": null,
      "expire_at": null,
      "expired": false,
      "locked": false,
      "first_published_at": "2019-02-11T23:10:22.386Z",
      "latest_revision_created_at": "2019-03-29T18:05:47.930Z"
    }
  },
  {
    "model": "wagtailcore.page",
    "pk": 79,
    "fields": {
      "path": "0001000200030006",
      "depth": 4,
      "numchild": 0,
      "title": "Igarassu",
      "draft_title": "Igarassu",
      "slug": "igarassu",
      "content_type": ["locations", "locationpage"],
      "live": true,
      "has_unpublished_changes": false,
      "url_path": "/home/locations/igarassu/",
      "owner": ["admin"],
      "seo_title": "",
      "show_in_menus": false,
      "search_description": "",
      "go_live_at": null,
      "expire_at": null,
      "expired": false,
      "locked": false,
      "first_published_at": "2019-02-11T23:10:22.386Z",
      "latest_revision_created_at": "2019-03-29T18:09:44.290Z"
    }
  },
 {
    "model": "wagtailcore.page",
    "pk": 81,
    "fields": {
      "path": "0001000200030008",
      "depth": 4,
      "numchild": 0,
      "title": "Ipojuca",
      "draft_title": "Ipojuca",
      "slug": "ipojuca",
      "content_type": ["locations", "locationpage"],
      "live": true,
      "has_unpublished_changes": false,
      "url_path": "/home/locations/ipojuca/",
      "owner": ["admin"],
      "seo_title": "",
      "show_in_menus": false,
      "search_description": "",
      "go_live_at": null,
      "expire_at": null,
      "expired": false,
      "locked": false,
      "first_published_at": "2019-02-11T23:10:22.386Z",
      "latest_revision_created_at": "2019-03-29T18:09:44.290Z"
    }
  },
  {
    "model": "wagtailcore.page",
    "pk": 82,
    "fields": {
      "path": "0001000200030009",
      "depth": 4,
      "numchild": 0,
      "title": "Ilha de Itamaracá",
      "draft_title": "Ilha de Itamaracá",
      "slug": "ilha-de-itamaraca",
      "content_type": ["locations", "locationpage"],
      "live": true,
      "has_unpublished_changes": false,
      "url_path": "/home/locations/ilha-de-itamaraca/",
      "owner": ["admin"],
      "seo_title": "",
      "show_in_menus": false,
      "search_description": "",
      "go_live_at": null,
      "expire_at": null,
      "expired": false,
      "locked": false,
      "first_published_at": "2019-02-11T23:10:22.386Z",
      "latest_revision_created_at": "2019-03-29T18:09:44.290Z"
    }
  },
  {
    "model": "wagtailcore.page",
    "pk": 83,
    "fields": {
      "path": "0001000200030010",
      "depth": 4,
      "numchild": 0,
      "title": "Itapissuma",
      "draft_title": "Itapissuma",
      "slug": "itapissuma",
      "content_type": ["locations", "locationpage"],
      "live": true,
      "has_unpublished_changes": false,
      "url_path": "/home/locations/itapissuma/",
      "owner": ["admin"],
      "seo_title": "",
      "show_in_menus": false,
      "search_description": "",
      "go_live_at": null,
      "expire_at": null,
      "expired": false,
      "locked": false,
      "first_published_at": "2019-02-11T23:10:22.386Z",
      "latest_revision_created_at": "2019-03-29T18:09:44.290Z"
    }
  },
  {
    "model": "wagtailcore.page",
    "pk": 84,
    "fields": {
      "path": "0001000200030011",
      "depth": 4,
      "numchild": 0,
      "title": "Jaboatão dos Guararapes",
      "draft_title": "Jaboatão dos Guararapes",
      "slug": "jaboatao-dos-guararapes",
      "content_type": ["locations", "locationpage"],
      "live": true,
      "has_unpublished_changes": false,
      "url_path": "/home/locations/jaboatao-dos-guararapes/",
      "owner": ["admin"],
      "seo_title": "",
      "show_in_menus": false,
      "search_description": "",
      "go_live_at": null,
      "expire_at": null,
      "expired": false,
      "locked": false,
      "first_published_at": "2019-02-11T23:10:22.386Z",
      "latest_revision_created_at": "2019-03-29T18:09:44.290Z"
    }
  },
   {
    "model": "wagtailcore.page",
    "pk": 85,
    "fields": {
      "path": "0001000200030012",
      "depth": 4,
      "numchild": 0,
      "title": "Moreno",
      "draft_title": "Moreno",
      "slug": "moreno",
      "content_type": ["locations", "locationpage"],
      "live": true,
      "has_unpublished_changes": false,
      "url_path": "/home/locations/moreno/",
      "owner": ["admin"],
      "seo_title": "",
      "show_in_menus": false,
      "search_description": "",
      "go_live_at": null,
      "expire_at": null,
      "expired": false,
      "locked": false,
      "first_published_at": "2019-02-11T23:10:22.386Z",
      "latest_revision_created_at": "2019-03-29T18:09:44.290Z"
    }
  },
   {
    "model": "wagtailcore.page",
    "pk": 86,
    "fields": {
      "path": "0001000200030013",
      "depth": 4,
      "numchild": 0,
      "title": "Olinda",
      "draft_title": "Olinda",
      "slug": "olinda",
      "content_type": ["locations", "locationpage"],
      "live": true,
      "has_unpublished_changes": false,
      "url_path": "/home/locations/olinda/",
      "owner": ["admin"],
      "seo_title": "",
      "show_in_menus": false,
      "search_description": "",
      "go_live_at": null,
      "expire_at": null,
      "expired": false,
      "locked": false,
      "first_published_at": "2019-02-11T23:10:22.386Z",
      "latest_revision_created_at": "2019-03-29T18:09:44.290Z"
    }
  },
   {
    "model": "wagtailcore.page",
    "pk": 87,
    "fields": {
      "path": "0001000200030014",
      "depth": 4,
      "numchild": 0,
      "title": "Recife",
      "draft_title": "Recife",
      "slug": "recife",
      "content_type": ["locations", "locationpage"],
      "live": true,
      "has_unpublished_changes": false,
      "url_path": "/home/locations/recife/",
      "owner": ["admin"],
      "seo_title": "",
      "show_in_menus": false,
      "search_description": "",
      "go_live_at": null,
      "expire_at": null,
      "expired": false,
      "locked": false,
      "first_published_at": "2019-02-11T23:10:22.386Z",
      "latest_revision_created_at": "2019-03-29T18:09:44.290Z"
    }
  },
    {
    "model": "wagtailcore.page",
    "pk": 88,
    "fields": {
      "path": "0001000200030015",
      "depth": 4,
      "numchild": 0,
      "title": "São Lourenço da Mata",
      "draft_title": "São Lourenço da Mata",
      "slug": "sao-lourenco-da-mata",
      "content_type": ["locations", "locationpage"],
      "live": true,
      "has_unpublished_changes": false,
      "url_path": "/home/locations/sao-lourenco-da-mata/",
      "owner": ["admin"],
      "seo_title": "",
      "show_in_menus": false,
      "search_description": "",
      "go_live_at": null,
      "expire_at": null,
      "expired": false,
      "locked": false,
      "first_published_at": "2019-02-11T23:10:22.386Z",
      "latest_revision_created_at": "2019-03-29T18:09:44.290Z"
    }
  },
  {
    "model": "wagtailimages.image",
    "pk": 8,
    "fields": {
      "collection": 3,
      "title": "Roberta Johnson",
      "file": "original_images/roberta_johnson.jpeg",
      "width": 300,
      "height": 282,
      "created_at": "2019-02-17T07:43:46.304Z",
      "uploaded_by_user": ["admin"],
      "focal_point_x": null,
      "focal_point_y": null,
      "focal_point_width": null,
      "focal_point_height": null,
      "file_size": 17829
    }
  },
  {
    "model": "wagtailimages.image",
    "pk": 9,
    "fields": {
      "collection": 2,
      "title": "Cenoura Blog",
      "file": "original_images/Cenoura_bJm4I60.jpg",
      "width": 1920,
      "height": 1280,
      "created_at": "2019-02-17T08:10:34.237Z",
      "uploaded_by_user": ["admin"],
      "focal_point_x": null,
      "focal_point_y": null,
      "focal_point_width": null,
      "focal_point_height": null,
      "file_size": 423661
    }
  },
  {
    "model": "wagtailimages.image",
    "pk": 10,
    "fields": {
      "collection": 2,
      "title": "Suco de Cenoura",
      "file": "original_images/sucoCenoura_6CWReOj.jpg",
      "width": 1920,
      "height": 1280,
      "created_at": "2019-02-17T08:10:34.344Z",
      "uploaded_by_user": ["admin"],
      "focal_point_x": null,
      "focal_point_y": null,
      "focal_point_width": null,
      "focal_point_height": null,
      "file_size": 450675
    }
  },
  {
    "model": "wagtailimages.image",
    "pk": 11,
    "fields": {
      "collection": 2,
      "title": "Receita com Coentro",
      "file": "original_images/receitaCoentro_AE0aRV7.jpg",
      "width": 1920,
      "height": 1280,
      "created_at": "2019-02-17T08:10:34.580Z",
      "uploaded_by_user": ["admin"],
      "focal_point_x": null,
      "focal_point_y": null,
      "focal_point_width": null,
      "focal_point_height": null,
      "file_size": 458390
    }
  },
  {
    "model": "wagtailimages.image",
    "pk": 12,
    "fields": {
      "collection": 2,
      "title": "Breads 4",
      "file": "original_images/breads4.jpg",
      "width": 1080,
      "height": 1240,
      "created_at": "2019-02-17T08:10:34.723Z",
      "uploaded_by_user": ["admin"],
      "focal_point_x": null,
      "focal_point_y": null,
      "focal_point_width": null,
      "focal_point_height": null,
      "file_size": 174743
    }
  },
  {
    "model": "wagtailimages.image",
    "pk": 14,
    "fields": {
      "collection": 2,
      "title": "Breads 5",
      "file": "original_images/bread5.jpg",
      "width": 800,
      "height": 600,
      "created_at": "2019-02-19T08:08:37.723Z",
      "uploaded_by_user": ["admin"],
      "focal_point_x": null,
      "focal_point_y": null,
      "focal_point_width": null,
      "focal_point_height": null,
      "file_size": 127107
    }
  },
  {
    "model": "wagtailimages.image",
    "pk": 15,
    "fields": {
      "collection": 2,
      "title": "Beterraba Dieta",
      "file": "original_images/beterrabaDieta_YsAhEme.jpg",
      "width": 1920,
      "height": 1280,
      "created_at": "2019-02-19T08:08:38.028Z",
      "uploaded_by_user": ["admin"],
      "focal_point_x": null,
      "focal_point_y": null,
      "focal_point_width": null,
      "focal_point_height": null,
      "file_size": 623998
    }
  },
  {
    "model": "wagtailimages.image",
    "pk": 21,
    "fields": {
      "collection": 2,
      "title": "Coentro Blog",
      "file": "original_images/coentro_VUGEa9o.jpg",
      "width": 1920,
      "height": 1282,
      "created_at": "2019-02-21T07:50:10.793Z",
      "uploaded_by_user": ["admin"],
      "focal_point_x": null,
      "focal_point_y": null,
      "focal_point_width": null,
      "focal_point_height": null,
      "file_size": 263701
    }
  },
  {
    "model": "wagtailimages.image",
    "pk": 22,
    "fields": {
      "collection": 2,
      "title": "Laranja Blog",
      "file": "original_images/laranja_a1Z2Ll9.jpg",
      "width": 1920,
      "height": 1060,
      "created_at": "2019-02-21T07:59:50.671Z",
      "uploaded_by_user": ["admin"],
      "focal_point_x": null,
      "focal_point_y": null,
      "focal_point_width": null,
      "focal_point_height": null,
      "file_size": 380667
    }
  },
  {
    "model": "wagtailimages.image",
    "pk": 23,
    "fields": {
      "collection": 2,
      "title": "Vegetais",
      "file": "original_images/vegetais_4e49t5k.jpg",
      "width": 1280,
      "height": 736,
      "created_at": "2019-02-21T08:05:08.529Z",
      "uploaded_by_user": ["admin"],
      "focal_point_x": null,
      "focal_point_y": null,
      "focal_point_width": null,
      "focal_point_height": null,
      "file_size": 24978
    }
  },
  {
    "model": "wagtailimages.image",
    "pk": 24,
    "fields": {
      "collection": 2,
      "title": "Laranja Cravo",
      "file": "original_images/laranjaCravo_SR7aCrk.jpg",
      "width": 1920,
      "height": 1543,
      "created_at": "2019-02-21T08:10:30.772Z",
      "uploaded_by_user": ["admin"],
      "focal_point_x": null,
      "focal_point_y": null,
      "focal_point_width": null,
      "focal_point_height": null,
      "file_size": 626078
    }
  },
  {
    "model": "wagtailimages.image",
    "pk": 25,
    "fields": {
      "collection": 2,
      "title": "Acerola Blog",
      "file": "original_images/acerola_VlEcHLS.jpg",
      "width": 1920,
      "height": 1280,
      "created_at": "2019-02-21T08:15:16.080Z",
      "uploaded_by_user": ["admin"],
      "focal_point_x": null,
      "focal_point_y": null,
      "focal_point_width": null,
      "focal_point_height": null,
      "file_size": 397319
    }
  },
  {
    "model": "wagtailimages.image",
    "pk": 26,
    "fields": {
      "collection": 4,
      "title": "Batata Doce",
      "file": "original_images/batatadoce.jpg",
      "width": 1200,
      "height": 675,
      "created_at": "2019-02-23T07:48:33.730Z",
      "uploaded_by_user": ["admin"],
      "focal_point_x": null,
      "focal_point_y": null,
      "focal_point_width": null,
      "focal_point_height": null,
      "file_size": 213282
    }
  },
  {
    "model": "wagtailimages.image",
    "pk": 28,
    "fields": {
      "collection": 4,
      "title": "Laranja",
      "file": "original_images/laranja.jpg",
      "width": 1200,
      "height": 675,
      "created_at": "2019-02-23T07:48:34.056Z",
      "uploaded_by_user": ["admin"],
      "focal_point_x": null,
      "focal_point_y": null,
      "focal_point_width": null,
      "focal_point_height": null,
      "file_size": 192726
    }
  },
  {
    "model": "wagtailimages.image",
    "pk": 29,
    "fields": {
      "collection": 4,
      "title": "Banana",
      "file": "original_images/banana.jpg",
      "width": 820,
      "height": 461,
      "created_at": "2019-02-23T07:48:34.189Z",
      "uploaded_by_user": ["admin"],
      "focal_point_x": null,
      "focal_point_y": null,
      "focal_point_width": null,
      "focal_point_height": null,
      "file_size": 75590
    }
  },
  {
    "model": "wagtailimages.image",
    "pk": 30,
    "fields": {
      "collection": 4,
      "title": "Coentro",
      "file": "original_images/coentro.jpg",
      "width": 1920,
      "height": 1209,
      "created_at": "2019-02-23T07:48:34.296Z",
      "uploaded_by_user": ["admin"],
      "focal_point_x": null,
      "focal_point_y": null,
      "focal_point_width": null,
      "focal_point_height": null,
      "file_size": 574693
    }
  },
  {
    "model": "wagtailimages.image",
    "pk": 31,
    "fields": {
      "collection": 4,
      "title": "Beterraba",
      "file": "original_images/beterraba.jpg",
      "width": 2500,
      "height": 1667,
      "created_at": "2019-02-23T07:48:34.417Z",
      "uploaded_by_user": ["admin"],
      "focal_point_x": null,
      "focal_point_y": null,
      "focal_point_width": null,
      "focal_point_height": null,
      "file_size": 699040
    }
  },
  {
    "model": "wagtailimages.image",
    "pk": 32,
    "fields": {
      "collection": 4,
      "title": "Alface",
      "file": "original_images/Alface.jpg",
      "width": 1024,
      "height": 768,
      "created_at": "2019-02-23T07:48:34.498Z",
      "uploaded_by_user": ["admin"],
      "focal_point_x": null,
      "focal_point_y": null,
      "focal_point_width": null,
      "focal_point_height": null,
      "file_size": 704138
    }
  },
  {
    "model": "wagtailimages.image",
    "pk": 33,
    "fields": {
      "collection": 4,
      "title": "Cenoura",
      "file": "original_images/cenoura.jpg",
      "width": 1060,
      "height": 675,
      "created_at": "2019-02-23T07:48:34.571Z",
      "uploaded_by_user": ["admin"],
      "focal_point_x": null,
      "focal_point_y": null,
      "focal_point_width": null,
      "focal_point_height": null,
      "file_size": 249575
    }
  },
  {
    "model": "wagtailimages.image",
    "pk": 34,
    "fields": {
      "collection": 4,
      "title": "Acerola",
      "file": "original_images/acerola.jpg",
      "width": 1920,
      "height": 1280,
      "created_at": "2019-02-23T07:48:34.650Z",
      "uploaded_by_user": ["admin"],
      "focal_point_x": null,
      "focal_point_y": null,
      "focal_point_width": null,
      "focal_point_height": null,
      "file_size": 435536
    }
  },
  {
    "model": "wagtailimages.image",
    "pk": 35,
    "fields": {
      "collection": 4,
      "title": "Plantação de Acerola",
      "file": "original_images/acerolaPlantacao.jpg",
      "width": 1920,
      "height": 1280,
      "created_at": "2019-02-23T07:48:34.735Z",
      "uploaded_by_user": ["admin"],
      "focal_point_x": null,
      "focal_point_y": null,
      "focal_point_width": null,
      "focal_point_height": null,
      "file_size": 397703
    }
  },
  {
    "model": "wagtailimages.image",
    "pk": 36,
    "fields": {
      "collection": 4,
      "title": "Tomate",
      "file": "original_images/tomate.jpg",
      "width": 772,
      "height": 516,
      "created_at": "2019-02-23T07:48:34.809Z",
      "uploaded_by_user": ["admin"],
      "focal_point_x": null,
      "focal_point_y": null,
      "focal_point_width": null,
      "focal_point_height": null,
      "file_size": 125405
    }
  },
  {
    "model": "wagtailimages.image",
    "pk": 37,
    "fields": {
      "collection": 4,
      "title": "Misc Breads",
      "file": "original_images/Breads_1.jpg",
      "width": 1200,
      "height": 796,
      "created_at": "2019-02-23T07:48:34.909Z",
      "uploaded_by_user": ["admin"],
      "focal_point_x": null,
      "focal_point_y": null,
      "focal_point_width": null,
      "focal_point_height": null,
      "file_size": 167917
    }
  },
  {
    "model": "wagtailimages.image",
    "pk": 39,
    "fields": {
      "collection": 4,
      "title": "Rye Bread",
      "file": "original_images/repolho.jpg",
      "width": 1000,
      "height": 667,
      "created_at": "2019-02-23T08:18:10.895Z",
      "uploaded_by_user": ["admin"],
      "focal_point_x": null,
      "focal_point_y": null,
      "focal_point_width": null,
      "focal_point_height": null,
      "file_size": 110878
    }
  },
  {
    "model": "wagtailimages.image",
    "pk": 40,
    "fields": {
      "collection": 4,
      "title": "Cebola",
      "file": "original_images/cebola.jpg",
      "width": 1280,
      "height": 853,
      "created_at": "2019-02-23T08:25:03.822Z",
      "uploaded_by_user": ["admin"],
      "focal_point_x": null,
      "focal_point_y": null,
      "focal_point_width": null,
      "focal_point_height": null,
      "file_size": 239241
    }
  },
  {
    "model": "wagtailimages.image",
    "pk": 41,
    "fields": {
      "collection": 3,
      "title": "Sprint Crew",
      "file": "original_images/ipa.jpg",
      "width": 1280,
      "height": 721,
      "created_at": "2019-02-24T08:01:50.590Z",
      "uploaded_by_user": ["admin"],
      "focal_point_x": null,
      "focal_point_y": null,
      "focal_point_width": null,
      "focal_point_height": null,
      "file_size": 1464527
    }
  },
  {
    "model": "wagtailimages.image",
    "pk": 42,
    "fields": {
      "collection": 3,
      "title": "Feira de Vegetais",
      "file": "original_images/feira_EQhbiy2.jpg",
      "width": 1920,
      "height": 1285,
      "created_at": "2019-03-22T06:13:09.773Z",
      "uploaded_by_user": ["admin"],
      "focal_point_x": null,
      "focal_point_y": null,
      "focal_point_width": null,
      "focal_point_height": null,
      "file_size": 911798
    }
  },
  {
    "model": "wagtailimages.image",
    "pk": 43,
    "fields": {
      "collection": 3,
      "title": "Beterraba Blog",
      "file": "original_images/beterraba_3zQQvgp.jpg",
      "width": 1920,
      "height": 1280,
      "created_at": "2019-03-22T06:29:18.751Z",
      "uploaded_by_user": ["admin"],
      "focal_point_x": null,
      "focal_point_y": null,
      "focal_point_width": null,
      "focal_point_height": null,
      "file_size": 495863
    }
  },
  {
    "model": "wagtailimages.image",
    "pk": 44,
    "fields": {
      "collection": 1,
      "title": "Cabo de santo Agostinho",
      "file": "original_images/caboDeSantoAgostinho_RpkxrwR.jpg",
      "width": 1024,
      "height": 603,
      "created_at": "2019-03-29T17:27:55.769Z",
      "uploaded_by_user": ["admin"],
      "focal_point_x": null,
      "focal_point_y": null,
      "focal_point_width": null,
      "focal_point_height": null,
      "file_size": 435449
    }
  },
  {
    "model": "wagtailimages.image",
    "pk": 45,
    "fields": {
      "collection": 1,
      "title": "Abreu e Lima",
      "file": "original_images/abreuELima_QeJi4AK.jpeg",
      "width": 1280,
      "height": 853,
      "created_at": "2019-03-29T17:31:36.429Z",
      "uploaded_by_user": ["admin"],
      "focal_point_x": null,
      "focal_point_y": null,
      "focal_point_width": null,
      "focal_point_height": null,
      "file_size": 192851
    }
  },
  {
    "model": "wagtailimages.image",
    "pk": 46,
    "fields": {
      "collection": 1,
      "title": "Paulista",
      "file": "original_images/paulista.jpg",
      "width": 1200,
      "height": 948,
      "created_at": "2019-03-29T17:46:14.914Z",
      "uploaded_by_user": ["admin"],
      "focal_point_x": 518,
      "focal_point_y": 248,
      "focal_point_width": 1031,
      "focal_point_height": 496,
      "file_size": 353267
    }
  },
  {
    "model": "wagtailimages.image",
    "pk": 47,
    "fields": {
      "collection": 1,
      "title": "Araçoiaba",
      "file": "original_images/aracoiaba_zDyXKnR.jpeg",
      "width": 800,
      "height": 400,
      "created_at": "2019-03-29T18:00:33.977Z",
      "uploaded_by_user": ["admin"],
      "focal_point_x": null,
      "focal_point_y": null,
      "focal_point_width": null,
      "focal_point_height": null,
      "file_size": 93599
    }
  },
  {
    "model": "wagtailimages.image",
    "pk": 48,
    "fields": {
      "collection": 1,
      "title": "Camaragibe",
      "file": "original_images/camaragibe-pe_vqxH5xD.jpg",
      "width": 1484,
      "height": 893,
      "created_at": "2019-03-29T18:04:27.068Z",
      "uploaded_by_user": ["admin"],
      "focal_point_x": null,
      "focal_point_y": null,
      "focal_point_width": null,
      "focal_point_height": null,
      "file_size": 457181
    }
  },
  {
    "model": "wagtailimages.image",
    "pk": 49,
    "fields": {
      "collection": 1,
      "title": "Caruaru",
      "file": "original_images/caruaru.jpg",
      "width": 1200,
      "height": 800,
      "created_at": "2019-03-29T18:08:27.770Z",
      "uploaded_by_user": ["admin"],
      "focal_point_x": 578,
      "focal_point_y": 476,
      "focal_point_width": 1031,
      "focal_point_height": 537,
      "file_size": 327386
    }
  },
  {
    "model": "wagtailimages.image",
    "pk": 51,
    "fields": {
      "collection": 3,
      "title": "Muddy Waters",
      "file": "original_images/muddy_waters_hUPkmSW.jpg",
      "width": 611,
      "height": 672,
      "created_at": "2019-03-31T06:36:23.486Z",
      "uploaded_by_user": ["admin"],
      "focal_point_x": null,
      "focal_point_y": null,
      "focal_point_width": null,
      "focal_point_height": null,
      "file_size": 189650
    }
  },
  {
    "model": "wagtailimages.image",
    "pk": 52,
    "fields": {
      "collection": 3,
      "title": "Olivia Ava",
      "file": "original_images/olivia_ava.jpeg",
      "width": 300,
      "height": 294,
      "created_at": "2019-04-01T07:30:10.713Z",
      "uploaded_by_user": ["admin"],
      "focal_point_x": null,
      "focal_point_y": null,
      "focal_point_width": null,
      "focal_point_height": null,
      "file_size": 46112
    }
  },
  {
    "model": "wagtailimages.image",
    "pk": 53,
    "fields": {
      "collection": 3,
      "title": "Lightnin' Hopkins",
      "file": "original_images/lightnin_hopkins.jpg",
      "width": 150,
      "height": 162,
      "created_at": "2019-04-01T07:31:21.251Z",
      "uploaded_by_user": ["admin"],
      "focal_point_x": null,
      "focal_point_y": null,
      "focal_point_width": null,
      "focal_point_height": null,
      "file_size": 18521
    }
  },
  {
    "model": "wagtailimages.image",
    "pk": 54,
    "fields": {
      "collection": 3,
      "title": "Agricultura Urbana e Periurbana (google images)",
      "file": "original_images/aup_home.jpg",
      "width": 8636,
      "height": 7045,
      "created_at": "2022-11-01T07:31:21.251Z",
      "uploaded_by_user": ["admin"],
      "focal_point_x": null,
      "focal_point_y": null,
      "focal_point_width": null,
      "focal_point_height": null,
      "file_size": 3940780
    }
  },
  {
    "model": "wagtailimages.image",
    "pk": 55,
    "fields": {
      "collection": 3,
      "title": "Agricultura Urbana e Periurbana 2 (google images)",
      "file": "original_images/aup_home2.jpg",
      "width": 2592,
      "height": 1944,
      "created_at": "2022-11-01T07:31:21.251Z",
      "uploaded_by_user": ["admin"],
      "focal_point_x": null,
      "focal_point_y": null,
      "focal_point_width": null,
      "focal_point_height": null,
      "file_size": 2312129
    }
  },  
  {
    "model": "wagtailimages.image",
    "pk": 56,
    "fields": {
      "collection": 3,
      "title": "Agricultura Urbana e Periurbana 3 (google images)",
      "file": "original_images/aup_home3.jpg",
      "width": 2564,
      "height": 2372,
      "created_at": "2022-11-01T07:31:21.251Z",
      "uploaded_by_user": ["admin"],
      "focal_point_x": null,
      "focal_point_y": null,
      "focal_point_width": null,
      "focal_point_height": null,
      "file_size": 1264963
    }
  },
   {
    "model": "wagtailimages.image",
    "id": 57,
    "fields": {
      "collection": 3,
      "title": "Abreu e Lima",
      "file": "original_images/abreuELima_QeJi4AK.jpeg",
      "width": 1280,
      "height": 853,
      "created_at": "2022-11-01T07:31:21.251Z",
      "uploaded_by_user": ["admin"],
      "focal_point_x": null,
      "focal_point_y": null,
      "focal_point_width": null,
      "focal_point_height": null,
      "file_size": 192851
      }
    },
    
     {
    "model": "wagtailimages.image",
    "id": 58,
    "fields": {
      "collection": 3,
      "title": "Logo IPA",
      "file": "original_images/logoIPA_k27d90V.png",
      "width": 300,
      "height": 300,
      "created_at": "2022-11-01T07:31:21.251Z",
      "uploaded_by_user": ["admin"],
      "focal_point_x": null,
      "focal_point_y": null,
      "focal_point_width": null,
      "focal_point_height": null,
      "file_size": 21681
      }
    },
    {
    "model": "wagtailimages.image",
    "pk": 59,
    "fields": {
      "collection": 3,
      "title": "Araçoiaba",
      "file": "original_images/aracoiaba_zDyXKnR.jpeg",
      "width": 800,
      "height": 400,
      "created_at": "2019-02-17T07:43:46.304Z",
      "uploaded_by_user": ["admin"],
      "focal_point_x": null,
      "focal_point_y": null,
      "focal_point_width": null,
      "focal_point_height": null,
      "file_size": 93599
    }
  },
  {
    "model": "wagtailimages.image",
    "pk": 60,
    "fields": {
      "collection": 4,
      "title": "Receita com Coentro",
      "file": "original_images/receitaCoentro_AE0aRV7.jpg",
      "width": 1920,
      "height": 1280,
      "created_at": "2019-02-23T08:25:03.822Z",
      "uploaded_by_user": ["admin"],
      "focal_point_x": null,
      "focal_point_y": null,
      "focal_point_width": null,
      "focal_point_height": null,
      "file_size": 458390
    }
  },
  {
    "model": "wagtailimages.image",
    "pk": 61,
    "fields": {
      "collection": 4,
      "title": "Igarassu",
      "file": "original_images/igarassu_wr3b533.jpg",
      "width": 3072,
      "height": 2048,
      "created_at": "2019-02-23T08:25:03.822Z",
      "uploaded_by_user": ["admin"],
      "focal_point_x": null,
      "focal_point_y": null,
      "focal_point_width": null,
      "focal_point_height": null,
      "file_size": 3950226
    }
  },
     {
    "model": "wagtailimages.image",
    "pk": 62,
    "fields": {
      "collection": 4,
      "title": "Ipojuca",
      "file": "original_images/ipojuca_S1u4KhP.jpg",
      "width": 1200,
      "height": 800,
      "created_at": "2019-02-23T08:25:03.822Z",
      "uploaded_by_user": ["admin"],
      "focal_point_x": null,
      "focal_point_y": null,
      "focal_point_width": null,
      "focal_point_height": null,
      "file_size": 127890
    }
  },
    {
    "model": "wagtailimages.image",
    "pk": 63,
    "fields": {
      "collection": 4,
      "title": "Ilha de Itamaracá",
      "file": "original_images/itamaraca_fQz7d6X.jpg",
      "width": 1280,
      "height": 850,
      "created_at": "2019-02-23T08:25:03.822Z",
      "uploaded_by_user": ["admin"],
      "focal_point_x": null,
      "focal_point_y": null,
      "focal_point_width": null,
      "focal_point_height": null,
      "file_size": 171595
    }
  },
   {
    "model": "wagtailimages.image",
    "pk": 64,
    "fields": {
      "collection": 4,
      "title": "Jaboatão dos Guararapes",
      "file": "original_images/jaboataoGuararapes_jrAF7w0.jpg",
      "width": 1400,
      "height": 540,
      "created_at": "2019-02-23T08:25:03.822Z",
      "uploaded_by_user": ["admin"],
      "focal_point_x": null,
      "focal_point_y": null,
      "focal_point_width": null,
      "focal_point_height": null,
      "file_size": 175564
    }
  },
   {
    "model": "wagtailimages.image",
    "pk": 65,
    "fields": {
      "collection": 4,
      "title": "Moreno",
      "file": "original_images/moreno_SUR4Ots.JPG",
      "width": 4928,
      "height": 3264,
      "created_at": "2019-02-23T08:25:03.822Z",
      "uploaded_by_user": ["admin"],
      "focal_point_x": null,
      "focal_point_y": null,
      "focal_point_width": null,
      "focal_point_height": null,
      "file_size": 4410467
    }
  },
    {
    "model": "wagtailimages.image",
    "pk": 66,
    "fields": {
      "collection": 4,
      "title": "Olinda",
      "file": "original_images/olinda_b8gEHO4.jpg",
      "width": 1600,
      "height": 1200,
      "created_at": "2019-02-23T08:25:03.822Z",
      "uploaded_by_user": ["admin"],
      "focal_point_x": null,
      "focal_point_y": null,
      "focal_point_width": null,
      "focal_point_height": null,
      "file_size": 319214
    }
  },
  {
    "model": "wagtailimages.image",
    "pk": 67,
    "fields": {
      "collection": 4,
      "title": "Recife",
      "file": "original_images/recife_eMCbLx8.jpg",
      "width": 1795,
      "height": 1205,
      "created_at": "2019-02-23T08:25:03.822Z",
      "uploaded_by_user": ["admin"],
      "focal_point_x": null,
      "focal_point_y": null,
      "focal_point_width": null,
      "focal_point_height": null,
      "file_size": 1815860
    }
  },
  {
    "model": "wagtailimages.image",
    "pk": 69,
    "fields": {
      "collection": 4,
      "title": "São Lourenço da Mata",
      "file": "original_images/saoLourencoDaMata_8OoslxQ.jpg",
      "width": 3000,
      "height": 2000,
      "created_at": "2019-02-23T08:25:03.822Z",
      "uploaded_by_user": ["admin"],
      "focal_point_x": null,
      "focal_point_y": null,
      "focal_point_width": null,
      "focal_point_height": null,
      "file_size": 1945281
    }
  },
  {
    "model": "wagtailimages.image",
    "pk": 68,
    "fields": {
      "collection": 4,
      "title": "Itapissuma",
      "file": "original_images/itapissuma_ki87m5M.jpg",
      "width": 1280,
      "height": 850,
      "created_at": "2019-02-23T08:25:03.822Z",
      "uploaded_by_user": ["admin"],
      "focal_point_x": null,
      "focal_point_y": null,
      "focal_point_width": null,
      "focal_point_height": null,
      "file_size": 171595
    }
  },
    
  {
    "model": "locations.locationpage",
    "pk": 64,
    "fields": {
      "introduction": "Paulista é um município brasileiro do estado de Pernambuco. Localiza-se no litoral norte pernambucano, sendo pertencente à Mesorregião Metropolitana do Recife e à Microrregião do Recife, distando 18 quilômetros da capital do estado. Ocupa uma área de 102,3 km², tendo 16,9786 km² desse total no seu perímetro urbano e 85,4 km² formando a zona rural do município.",
      "image": 46,
      "body": "[{\"type\": \"paragraph_block\", \"value\": \"<p data-block-key=\\\"v3nuh\\\"><br/>Nos dias atuais, o munic\\u00edpio de Paulista se destaca por ser um p\\u00f3lo diversificado de presta\\u00e7\\u00e3o de servi\\u00e7os e ind\\u00fastria t\\u00eaxtil e qu\\u00edmica, sendo a sede do grupo Ind\\u00fastrias Reunidas Raymundo da Fonte. Na \\u00e1rea da educa\\u00e7\\u00e3o, o munic\\u00edpio possui duas importantes institui\\u00e7\\u00f5es de ensino superior: a Faculdade Joaquim Nabuco e a Faculdade de Sa\\u00fade de Paulista, al\\u00e9m de institui\\u00e7\\u00f5es de ensino t\\u00e9cnico, como o Escola T\\u00e9cnica Senai e o SENAC. Com 14\\u00a0km de faixa litor\\u00e2nea e uma das maiores reservas florestais do estado, as praias e o turismo ecol\\u00f3gico s\\u00e3o os principais movimentadores do setor de turismo na cidade. A cidade ainda abrange em seu territ\\u00f3rio o Veneza Water Park, um dos maiores parques aqu\\u00e1ticos do Brasil.</p>\", \"id\": \"c90fd179-7d95-42fa-8239-93b3ce14159e\"}]",
      "address": "Paulista,\r\nPernambuco,\r\nBrasil.",
      "lat_long": "63.9095213,-16.7093877",
      "email": "contato@paulista.com.br",
      "phone": "(81)9999-9999"
    }
  },
  {
    "model": "locations.locationpage",
    "pk": 65,
    "fields": {
      "introduction": "Quisque posuere orci a sapien varius, eu rutrum odio iaculis. Nulla convallis quis justo vitae convallis. Curabitur eu nunc nibh. Proin a placerat magna. Maecenas vitae eleifend sem, ac semper velit. Sed vel elementum velit. Sed eget leo eget ipsum tempor bibendum vel quis lacus. Cras porta tincidunt tellus vitae auctor. Fusce mollis est pharetra felis dignissim euismod. Donec elementum dui et erat maximus, id consequat dolor ullamcorper. Morbi dignissim enim vel purus auctor viverra. Mauris viverra aliquet eros vel gravida. Maecenas arcu massa, semper at massa eget, ullamcorper consequat velit.",
      "image": 45,
      "body": "[{\"type\": \"paragraph_block\", \"value\": \"<p data-block-key=\\\"v3nuh\\\"><br/> Duis purus est, tincidunt in eros consectetur, faucibus dignissim nulla. Proin cursus efficitur nibh at tempor. Mauris accumsan, odio elementum euismod molestie, neque eros mattis sem, feugiat euismod justo nunc sagittis tellus. Nunc laoreet maximus ipsum non sodales. Etiam luctus tellus a convallis molestie. Quisque suscipit erat ut nunc posuere, at vestibulum odio posuere. Duis quis dui et dui interdum laoreet. Sed commodo sagittis massa vitae tincidunt. Donec vitae sem cursus, maximus sapien sit amet, porttitor ante. Duis bibendum pharetra mi, quis efficitur nisi venenatis sit amet. Donec nec ex sem. Mauris interdum semper nunc, et laoreet ligula posuere ut. Quisque non dui diam. </p>\", \"id\": \"c90fd179-7d95-42fa-8239-93b3ce14159e\"}]",
      "address": "Abreu e Lima,\r\nPernambuco,\r\nBrasil",
      "lat_long": "64.144018, -21.950953",
      "email": "contato@abreuelima.com.br",
      "phone": "(87)1111-1111"
    }
  },
  {
    "model": "locations.locationpage",
    "pk": 66,
    "fields": {
      "introduction": "Donec ultrices dui in ullamcorper ullamcorper. In consectetur pharetra purus. Sed nec leo nec est venenatis accumsan non non mi. Praesent eget tortor neque. Vivamus placerat pretium odio, non ultrices sem sodales eget. In maximus nisl id mi volutpat dapibus. Quisque aliquam enim at posuere mollis.",
      "image": 47,
      "body": "[{\"type\": \"paragraph_block\", \"value\": \"<p data-block-key=\\\"09jen\\\"><br/> Integer vestibulum, justo nec elementum ullamcorper, nibh orci varius dolor, ut feugiat mauris tortor ut odio. Donec dictum elit sed quam tincidunt suscipit. Integer faucibus at quam sed faucibus. Aenean volutpat augue non neque lobortis egestas. Morbi convallis, metus eget sollicitudin consequat, mauris magna pulvinar arcu, vel accumsan augue elit in nisi. Suspendisse vitae nisi vitae lectus venenatis hendrerit non pellentesque turpis. Sed volutpat, nunc at facilisis ornare, leo velit aliquam mauris, at pulvinar sem quam quis neque. Fusce et diam lacus. Nunc a volutpat augue. Sed porta purus in purus interdum mattis. </p>\", \"id\": \"7b55c773-1dce-4e5e-b1bf-8c1010df9a3b\"}]",
      "address": "Araçoiaba,\r\nPernambuco,\r\nBrasil",
      "lat_long": "63.419061,-19.0064982",
      "email": "contato@aracoiaba.com.br",
      "phone": "(87)2222-1177"
    }
  },
  {
    "model": "locations.locationpage",
    "pk": 67,
    "fields": {
      "introduction": "Aenean consectetur id dui at lacinia. Cras et fermentum magna. Nullam vel justo tristique, faucibus libero et, pellentesque libero. Donec rutrum interdum lectus nec viverra. In vestibulum ac velit sit amet efficitur. Duis elementum pharetra magna eu sodales. Proin egestas dapibus nulla, quis finibus nunc varius sed.",
      "image": 44,
      "body": "[{\"type\": \"paragraph_block\", \"value\": \"<p data-block-key=\\\"sjwy8\\\"> Phasellus lacinia sagittis malesuada. Curabitur sit amet dui cursus, bibendum velit eget, bibendum urna. Aenean ac felis vel dui lobortis varius et vel odio. Fusce elementum et massa vel aliquet. Maecenas fringilla odio lorem, id pellentesque urna tempor id. Quisque at lobortis metus, convallis tempor enim. Fusce porta mi sit amet condimentum sagittis. Nunc non aliquet mi. Nullam at ligula sodales, laoreet justo in, consectetur nisi. Pellentesque laoreet, mauris non maximus sollicitudin, lorem turpis hendrerit lectus, sed molestie orci tellus a diam. Duis nec faucibus felis. Etiam laoreet vitae velit vitae dignissim. Vestibulum non odio ante. Sed imperdiet aliquam tellus, ac finibus massa rutrum in. </p>\", \"id\": \"914725ef-0285-435c-ae73-1ca5c4e484b5\"}]",
      "address": "Cabo de Santo Agostinho,\r\nPernambuco,\r\nBrasil",
      "lat_long": "63.9375899, -21.0419085",
      "email": "contato@cabo.com.br",
      "phone": "(87)1133-2244"
    }
  },
  {
    "model": "locations.locationpage",
    "pk": 78,
    "fields": {
      "introduction": "Ut malesuada nibh nec tincidunt suscipit. Nam faucibus vulputate magna sed consequat. Pellentesque sed arcu diam. Pellentesque id aliquet lorem. Etiam ligula justo, pharetra non posuere id, condimentum vel quam. Maecenas finibus maximus lectus ut sagittis. Duis eleifend diam nec justo fermentum varius vitae nec sapien.",
      "image": 48,
      "body": "[{\"type\": \"paragraph_block\", \"value\": \"<p data-block-key=\\\"26ay3\\\"><br/></p><p data-block-key=\\\"rw161\\\"> In a massa ac sapien malesuada consequat eu nec ligula. Nam nibh purus, consectetur sed magna nec, convallis iaculis lorem. Aliquam felis felis, venenatis nec scelerisque et, rutrum sed urna. Donec aliquet porta lacus, a maximus ipsum ornare ac. Fusce eget nisl et elit imperdiet hendrerit. Ut lectus ante, iaculis rhoncus accumsan sit amet, aliquet vitae mi. Mauris imperdiet vel turpis ut viverra. Aenean fringilla et odio sed tincidunt. Maecenas consequat erat vitae felis accumsan, ac vulputate lacus convallis. Nullam metus neque, gravida sollicitudin euismod vel, varius id magna. Fusce aliquet risus nec sodales blandit. Nulla in ligula venenatis, pulvinar felis in, semper dui. Praesent massa metus, gravida a fringilla et, posuere eu odio. Duis nec ante scelerisque, condimentum sapien sed, imperdiet velit. Nulla consectetur suscipit leo, et placerat magna ultrices quis. Aliquam sodales est congue arcu faucibus, sit amet viverra lectus imperdiet.</p>\", \"id\": \"fa668bc0-91ac-453b-ab37-39d01750364e\"}]",
      "address": "Camaragibe,\r\nPernambuco,\r\nBrasil",
      "lat_long": "64.2518583,-15.2037097",
      "email": "contato@camaragibe.com.br",
      "phone": "(81)1744-3399"
    }
  },
  {
    "model": "locations.locationpage",
    "pk": 79,
    "fields": {
      "introduction": "Integer eu lectus finibus, sollicitudin lectus id, finibus odio. Vivamus eget pulvinar odio. Nullam blandit commodo convallis. Cras commodo, sapien eu varius lacinia, est nisi congue tellus, sit amet maximus dui turpis sed lectus. Nam rhoncus mauris vitae lacinia porttitor. Etiam efficitur ante et nunc dictum, sit amet pulvinar eros ultrices. Proin faucibus cursus nisl sit amet tempor.",
      "image": 61,
      "body": "[{\"type\": \"paragraph_block\", \"value\": \"<p data-block-key=\\\"ppy8q\\\"><br/></p><p data-block-key=\\\"cwnin\\\"> Ut efficitur ante facilisis, viverra nisl quis, semper velit. Vivamus sodales dolor vel sodales mattis. Aenean venenatis at lorem vel dignissim. Proin suscipit vitae justo eget malesuada. Aliquam tempor velit nulla, ut viverra risus pharetra eget. Mauris at est est. Nam tempus tellus eu sapien congue vehicula. Curabitur aliquet lorem non elit ultrices, vel ornare leo ornare. In mollis, ex at molestie suscipit, ex nibh hendrerit tortor, tristique ullamcorper dolor metus nec ex. In porta laoreet nibh at tincidunt. Cras interdum quam tellus, quis porta elit sollicitudin eget. Ut vel pretium mauris. Vestibulum ante ipsum primis in faucibus orci luctus et ultrices posuere cubilia curae; Integer consequat magna at tortor pretium accumsan. Sed scelerisque ut leo ac convallis.</p>\", \"id\": \"fba7d5a6-4de9-4834-8fb0-9a54cf5d41b6\"}]",
      "address": "Igarassu,\r\nPernambuco,\r\nBrasil",
      "lat_long": "64.3214253,-22.0674947",
      "email": "contato@igarassu.com.br",
      "phone": "(81)1144-2288"
    }
  },
  {
    "model": "locations.locationpage",
    "pk": 81,
    "fields": {
      "introduction": "Nulla facilisi. Donec vel sapien nec nulla ullamcorper gravida quis id ligula. Etiam leo quam, pharetra nec nulla id, porttitor bibendum lectus. Duis a nulla vel mi ullamcorper consequat. Nullam vitae viverra mi. Donec eget vulputate odio. Vestibulum lacus velit, maximus sagittis tempus sit amet, auctor eu orci. Nunc ut leo lectus.",
      "image": 62,
      "body": "[{\"type\": \"paragraph_block\", \"value\": \"<p data-block-key=\\\"ppy8q\\\"><br/></p><p data-block-key=\\\"cwnin\\\"> Curabitur pharetra a ipsum aliquet fringilla. Duis eu feugiat augue. Vivamus a sem purus. Donec tincidunt, mi sit amet viverra rhoncus, tellus elit gravida ante, nec aliquet felis quam ac tellus. Quisque rutrum posuere suscipit. Nullam vehicula a ipsum sit amet tristique. Donec sollicitudin est lectus, sit amet accumsan dolor porttitor hendrerit. Suspendisse consequat sagittis convallis. Aliquam porta augue risus, sit amet sagittis mi bibendum ac. Suspendisse eget ante nec velit auctor convallis a eget libero. Nullam non libero magna. Fusce vel consectetur lectus. Cras hendrerit eros et elit placerat, non commodo magna tempor. Fusce gravida tempor tincidunt. Vivamus lacus mi, rutrum non hendrerit eu, pretium ac ipsum. Fusce nulla ipsum, feugiat eu efficitur vitae, laoreet ac leo.</p>\", \"id\": \"fba7d5a6-4de9-4834-8fb0-9a54cf5d41b6\"}]",
      "address": "Ipojuca,\r\nPernambuco,\r\nBrasil.",
      "lat_long": "63.9095213,-16.7093877",
      "email": "contato@ipojuca.com.br",
      "phone": "(81)9999-9999"
    }
  },
  {
    "model": "locations.locationpage",
    "pk": 82,
    "fields": {
      "introduction": "Praesent gravida lacus sit amet erat ultricies, vitae suscipit turpis convallis. Aliquam quis dignissim mi. Etiam fermentum imperdiet feugiat. Aliquam sed tristique turpis. Pellentesque vitae scelerisque tortor, ut aliquet lectus. Sed malesuada ligula sit amet felis lacinia, id aliquam justo ultrices. Nunc porttitor eget leo in tempus. Phasellus eget ante euismod, tincidunt lorem sed, pharetra metus.",
      "image": 63,
      "body": "[{\"type\": \"paragraph_block\", \"value\": \"<p data-block-key=\\\"ppy8q\\\"><br/></p><p data-block-key=\\\"cwnin\\\"> Nunc tempor placerat posuere. Donec ultrices a massa non mollis. Class aptent taciti sociosqu ad litora torquent per conubia nostra, per inceptos himenaeos. Vestibulum ante ipsum primis in faucibus orci luctus et ultrices posuere cubilia curae; Quisque placerat risus quam, in sollicitudin erat volutpat vel. Aenean faucibus, elit ut rhoncus eleifend, mi libero vulputate eros, a interdum libero lorem vitae augue. Phasellus elementum nisl ut justo scelerisque malesuada. Fusce id ex sed lorem malesuada feugiat. Quisque auctor purus ac blandit cursus. Duis pellentesque tortor sed nulla ornare mollis. Mauris semper sodales efficitur. Nulla pharetra euismod dui id tempus. Aliquam erat volutpat. Nam viverra metus id bibendum luctus. Pellentesque tincidunt, est nec accumsan feugiat, sem purus semper tortor, ut consectetur eros leo vel magna. </p>\", \"id\": \"fba7d5a6-4de9-4834-8fb0-9a54cf5d41b6\"}]",
      "address": "Ilha de Itamaracá,\r\nPernambuco,\r\nBrasil.",
      "lat_long": "63.9095213,-16.7093877",
      "email": "contato@itamaraca.com.br",
      "phone": "(81)9999-9999"
    }
  },
  {
    "model": "locations.locationpage",
    "pk": 83,
    "fields": {
      "introduction": "Donec faucibus elementum turpis sit amet faucibus. Maecenas eget metus quis felis efficitur sagittis vel ut quam. Curabitur quis neque varius, semper risus vehicula, mollis velit. Proin placerat ex felis, vel eleifend sem varius at. Etiam lacinia tortor vel magna tincidunt malesuada. Donec et felis porttitor libero pharetra accumsan. Nullam eget eleifend est. Nulla vel sapien id nisl malesuada blandit a et libero.",
      "image": 68,
      "body": "[{\"type\": \"paragraph_block\", \"value\": \"<p data-block-key=\\\"ppy8q\\\"><br/></p><p data-block-key=\\\"cwnin\\\"> Nullam aliquam erat ex, at aliquet risus sodales ut. Pellentesque habitant morbi tristique senectus et netus et malesuada fames ac turpis egestas. Nam elementum tincidunt lorem, a consequat eros facilisis non. Pellentesque commodo, velit faucibus viverra suscipit, libero tellus varius enim, vel maximus neque massa vel diam. Etiam lectus odio, ullamcorper sed placerat sed, iaculis ac neque. Morbi eleifend, felis id rutrum efficitur, libero odio congue ipsum, id maximus odio diam ut est. Nullam ultricies rhoncus nibh, quis dignissim mi tempus non. Duis vulputate enim fermentum ullamcorper rutrum. Morbi viverra sapien nec augue iaculis, id sagittis leo pretium. Vestibulum id mauris aliquet, egestas eros id, viverra dolor. Phasellus eleifend cursus enim non ultrices. Fusce at dolor et tortor rhoncus luctus. Proin accumsan lobortis congue. Mauris laoreet dui in quam sodales ullamcorper. Quisque velit lorem, pretium ut finibus non, dapibus a mi. Lorem ipsum dolor sit amet, consectetur adipiscing elit. </p>\", \"id\": \"fba7d5a6-4de9-4834-8fb0-9a54cf5d41b6\"}]",
      "address": "Itapissuma,\r\nPernambuco,\r\nBrasil.",
      "lat_long": "63.9095213,-16.7093877",
      "email": "contato@itapissuma.com.br",
      "phone": "(81)9999-9999"
    }
  },
  {
    "model": "locations.locationpage",
    "pk": 84,
    "fields": {
      "introduction": "Phasellus et hendrerit risus. Vivamus porta blandit eros, vel eleifend nulla sagittis vitae. Morbi ut facilisis velit. Pellentesque habitant morbi tristique senectus et netus et malesuada fames ac turpis egestas. Sed vitae rhoncus odio, vitae molestie diam. Vestibulum neque erat, accumsan vitae arcu blandit, commodo efficitur tortor. Nulla sed arcu ut ex molestie porta. Donec tempor elit ut tempor ornare. Sed eleifend volutpat lacus eu eleifend. Fusce mollis fringilla enim, in elementum ligula porta vitae.",
      "image": 64,
      "body": "[{\"type\": \"paragraph_block\", \"value\": \"<p data-block-key=\\\"ppy8q\\\"><br/></p><p data-block-key=\\\"cwnin\\\"> Aliquam quis tellus faucibus erat congue facilisis. Morbi pulvinar est eu est bibendum venenatis non sit amet urna. Nulla vulputate libero eu est finibus, vel hendrerit risus fermentum. Duis facilisis dui ut nisi mattis ultricies. Praesent ut ultricies magna. Pellentesque dignissim, nisl id dictum interdum, libero elit placerat enim, a cursus quam felis non velit. Donec a tempor mi. Donec mauris ligula, blandit elementum vestibulum non, aliquam id dolor. Sed volutpat risus sapien, in fringilla turpis scelerisque ut. Praesent sem lacus, blandit at auctor congue, porttitor id sapien. Etiam non enim sollicitudin eros eleifend pretium id ac purus. Nunc porttitor quis ex quis consequat. Pellentesque eu ultrices nulla, eget luctus enim. Nunc vitae semper risus. Mauris lobortis metus ac magna maximus consectetur. Nulla nec libero pharetra, faucibus libero consectetur, vulputate arcu. </p>\", \"id\": \"fba7d5a6-4de9-4834-8fb0-9a54cf5d41b6\"}]",
      "address": "Jaboatão dos Guararapes,\r\nPernambuco,\r\nBrasil.",
      "lat_long": "63.9095213,-16.7093877",
      "email": "contato@jaboatao.com.br",
      "phone": "(81)9999-9999"
    }
  },
  {
    "model": "locations.locationpage",
    "pk": 85,
    "fields": {
      "introduction": "Ut malesuada nibh nec tincidunt suscipit. Nam faucibus vulputate magna sed consequat. Pellentesque sed arcu diam. Pellentesque id aliquet lorem. Etiam ligula justo, pharetra non posuere id, condimentum vel quam. Maecenas finibus maximus lectus ut sagittis. Duis eleifend diam nec justo fermentum varius vitae nec sapien.",
      "image": 65,
      "body": "[{\"type\": \"paragraph_block\", \"value\": \"<p data-block-key=\\\"ppy8q\\\"><br/></p><p data-block-key=\\\"cwnin\\\"> Aliquam felis erat, iaculis eget ullamcorper vitae, vulputate vitae lacus. Suspendisse pulvinar venenatis nisi, id iaculis leo consequat mollis. Ut tristique sodales faucibus. In cursus neque ac diam porttitor, eu pellentesque nisi semper. Sed tempor urna ornare diam molestie rhoncus. Proin nec mi commodo, congue nunc at, ornare erat. Nam id iaculis ipsum. Nam sed finibus odio, ac varius purus. Proin turpis augue, mattis sit amet vehicula vitae, bibendum quis eros. Phasellus posuere, est in blandit condimentum, risus nisl interdum mi, ut interdum ipsum ante sed tortor. Aenean eleifend semper venenatis. Suspendisse et turpis suscipit, condimentum arcu id, pharetra justo. Donec quis euismod justo. </p>\", \"id\": \"fba7d5a6-4de9-4834-8fb0-9a54cf5d41b6\"}]",
      "address": "Moreno,\r\nPernambuco,\r\nBrasil.",
      "lat_long": "63.9095213,-16.7093877",
      "email": "contato@moreno.com.br",
      "phone": "(81)9999-9999"
    }
  },
  {
    "model": "locations.locationpage",
    "pk": 86,
    "fields": {
      "introduction": "Vivamus convallis tincidunt mauris sed aliquet. Sed interdum velit ac efficitur feugiat. Vivamus ante nunc, suscipit eget aliquet vel, volutpat eu odio. Ut sit amet libero vitae dui vulputate suscipit nec a arcu.",
      "image": 66,
      "body": "[{\"type\": \"paragraph_block\", \"value\": \"<p data-block-key=\\\"ppy8q\\\"><br/></p><p data-block-key=\\\"cwnin\\\"> Nam vitae lorem ipsum. Nullam varius lectus a lacus posuere facilisis. Integer ultrices suscipit elit, a cursus nulla efficitur eu. Nullam tempus feugiat ultricies. Phasellus at magna velit. Fusce dignissim, magna eu faucibus imperdiet, mauris est semper neque, quis maximus dui nibh at nisl. Etiam ultricies interdum augue, ac consectetur lectus scelerisque a. In nec blandit dolor. Aenean ut lacus at enim gravida maximus vitae nec ante. Vestibulum ullamcorper, odio ac pulvinar interdum, nunc turpis pretium urna, nec tincidunt elit risus ac neque. Vivamus ut ullamcorper nibh. Pellentesque blandit nunc nec sapien ultrices hendrerit. Nulla finibus lectus a augue pellentesque, id vestibulum neque commodo.</p>\", \"id\": \"fba7d5a6-4de9-4834-8fb0-9a54cf5d41b6\"}]",
      "address": "Olinda,\r\nPernambuco,\r\nBrasil.",
      "lat_long": "63.9095213,-16.7093877",
      "email": "contato@olinda.com.br",
      "phone": "(81)9999-9999"
    }
  },
  {
    "model": "locations.locationpage",
    "pk": 87,
    "fields": {
      "introduction": "Donec varius metus in leo tristique pellentesque. Quisque id fermentum velit. Duis quis aliquet enim, pharetra sagittis ex. Vestibulum ac placerat sapien, sit amet euismod leo. Proin auctor finibus erat, vitae aliquam justo fermentum sit amet. Nulla ac nunc a diam porta hendrerit. Nulla facilisi. Aliquam suscipit feugiat accumsan. Duis laoreet eu neque ultricies pretium. Sed at dapibus sapien. Aliquam tristique volutpat enim, at malesuada massa vestibulum ut. Aenean non malesuada magna, a tincidunt lorem.",
      "image": 67,
      "body": "[{\"type\": \"paragraph_block\", \"value\": \"<p data-block-key=\\\"ppy8q\\\"><br/></p><p data-block-key=\\\"cwnin\\\"> Mauris fringilla, augue nec bibendum scelerisque, urna risus pretium nisi, ac semper purus mauris quis lorem. Orci varius natoque penatibus et magnis dis parturient montes, nascetur ridiculus mus. Nunc efficitur suscipit placerat. Vestibulum ante ipsum primis in faucibus orci luctus et ultrices posuere cubilia curae; Fusce auctor aliquet sapien nec sagittis. Aenean nec cursus sem. Curabitur semper turpis et laoreet laoreet. Praesent pharetra vestibulum est, a ultricies ligula fermentum sit amet. Aenean molestie a augue vitae dictum. Nulla urna neque, viverra nec ligula ac, pulvinar rhoncus tellus. Cras libero nibh, pretium at viverra nec, dictum et orci. Aenean rhoncus eros eros, ut pulvinar est maximus bibendum. Aliquam consectetur sollicitudin pretium.</p>\", \"id\": \"fba7d5a6-4de9-4834-8fb0-9a54cf5d41b6\"}]",
      "address": "Recife,\r\nPernambuco,\r\nBrasil.",
      "lat_long": "63.9095213,-16.7093877",
      "email": "contato@recife.com.br",
      "phone": "(81)9999-9999"
    }
  },
  {
    "model": "locations.locationpage",
    "pk": 88,
    "fields": {
      "introduction": "Nunc nunc urna, vehicula sed magna non, pretium hendrerit nibh. Ut at porttitor massa. Fusce enim elit, faucibus eget vehicula et, convallis a ex. Cras ac iaculis libero, eu convallis libero. In vulputate bibendum metus sit amet interdum. Sed facilisis augue at dignissim egestas. Sed gravida, risus ac venenatis condimentum, libero sem maximus leo, a viverra augue dui at sem. Praesent sed lacus dui. Sed eu vestibulum nibh, id placerat odio.",
      "image": 69,
      "body": "[{\"type\": \"paragraph_block\", \"value\": \"<p data-block-key=\\\"ppy8q\\\"><br/></p><p data-block-key=\\\"cwnin\\\"> Nam sit amet sapien eu lacus rutrum congue sit amet non ex. Integer blandit magna arcu, nec egestas erat mollis sed. Aenean luctus tortor eu dolor semper, vel volutpat dui elementum. Praesent tempor tempus ipsum blandit tincidunt. Vestibulum ante ipsum primis in faucibus orci luctus et ultrices posuere cubilia curae; Fusce purus sapien, aliquet et ullamcorper eu, dignissim nec nisl. Pellentesque consequat nunc sit amet commodo commodo. Quisque dolor massa, tincidunt quis lectus vitae, fringilla facilisis sapien. Proin sit amet eleifend massa, in malesuada sem. Aenean ac elementum nisi. Suspendisse sit amet lacus quis diam sollicitudin mattis sed at magna. Praesent et justo non ligula aliquet vulputate. Ut ac magna ut ex accumsan luctus sit amet vitae ipsum. Nulla et dignissim nunc. Integer at ante laoreet neque rutrum maximus.</p>\", \"id\": \"fba7d5a6-4de9-4834-8fb0-9a54cf5d41b6\"}]",
      "address": "São Lourenço da Mata,\r\nPernambuco,\r\nBrasil.",
      "lat_long": "63.9095213,-16.7093877",
      "email": "contato@saolourencodamata.com.br",
      "phone": "(81)9999-9999"
    }
  },
  {
    "model": "locations.locationsindexpage",
    "pk": 63,
    "fields": {
      "introduction": "Aqui você vai encontrar as áreas de Agricultura Urbana e Periurbana mapeadas pelo projeto.",
      "image": 10
    }
  },
  {
    "model": "products.productsindexpage",
    "pk": 3,
    "fields": {
      "introduction": "Aqui você vai encontrar os produtos produzidos nas AUPs",
      "image": 9
    }
  },
  {
    "model": "products.productpage",
    "pk": 34,
    "fields": {
      "introduction": "A batata-doce é um tubérculo, ou raiz, que tem ótima quantidade de energia, pois tem alto teor de carboidratos e ainda é rica em fibras, vitaminas do complexo B, vitamina A, vitamina C e minerais, como o potássio e o magnésio, o que garante diversos benefícios, como prevenção da diabetes, câncer e infarto, melhora da saúde intestinal e aumento da massa muscular.",
      "image": 26,
      "body": "[]",
      "origin": [3 , 5]

    }
  },
  {
    "model": "products.productpage",
    "pk": 35,
    "fields": {
      "introduction": "A acerola é uma fruta rica em vitamina C, um nutriente com propriedades antioxidantes e anti-inflamatórias que combatem os radicais livres, ajudando a evitar o surgimento de situações, como envelhecimento precoce, câncer e pressão alta.",
      "image": 34,
      "body": "[]",
      "origin": [4, 7, 8]

    }
  },
  {
    "model": "products.productpage",
    "pk": 36,
    "fields": {
      "introduction": "A laranja é uma fruta rica em fibras, vitaminas A, vitamina C, flavonoides e betacaroteno com propriedades antioxidantes e anti-inflamatórias, que auxiliam no combate ao envelhecimento precoce, ajudam a reduzir o colesterol ruim, protegendo de doenças cardiovasculares, e fortalecem o sistema imunológico.",
      "image": 28,
      "body": "[]",
      "origin": [11, 4, 8, 5]

    }
  },
  {
    "model": "products.productpage",
    "pk": 37,
    "fields": {
      "introduction": "A banana é uma fruta que traz diversos benefícios para a saúde, como fornecer energia para o corpo, reduzir a pressão arterial, evitar cãibras musculares e favorecer o aumento da serotonina, combatendo a depressão e melhorando o humor.",
      "image": 29,
      "body": "[]",
      "origin": [6]

    }
  },
  {
    "model": "products.productpage",
    "pk": 39,
    "fields": {
      "introduction": "O coentro é uma planta aromática rica em compostos fenólicos, como carotenoides, taninos, flavonoides e saponinas que promovem benefícios para a saúde, como controle dos níveis de colesterol e glicose no sangue, evitando doenças como infarto e diabetes.",
      "image": 30,
      "body": "[]",
      "origin": [1]

    }
  },
  {
    "model": "products.productpage",
    "pk": 40,
    "fields": {
      "introduction": "A beterraba é um vegetal rico em vitamina C, betalaína, carotenoides e flavonoides, que são antioxidantes que combatem o excesso de radicais livres no organismo, prevenindo danos às células saudáveis e ajudando na proteção contra o câncer e algumas doenças crônicas.",
      "image": 31,
      "body": "[]",
      "origin": [2]

    }
  },
  {
    "model": "products.productpage",
    "pk": 42,
    "fields": {
      "introduction": "A alface é uma verdura rica em fibras e antioxidantes, favorecendo a perda de peso, melhorando a saúde gastrointestinal e regulando os níveis de açúcar no sangue. ",
      "image": 32,
      "body": "[]",
      "origin": [3]

    }
  },
  {
    "model": "products.productpage",
    "pk": 49,
    "fields": {
      "introduction": "A cenoura é um legume rico em carotenoides, potássio, fibras e antioxidantes, nutrientes que promovem a saúde dos olhos, evitam o envelhecimento precoce e fortalecem o sistema imunológico.",
      "image": 33,
      "body": "[]",
      "origin": [4]
    }
  },
  {
    "model": "products.productpage",
    "pk": 53,
    "fields": {
      "introduction": "A cebola é um vegetal popularmente utilizado para temperar vários alimentos. Esse vegetal possui diversos benefícios para a saúde, pois possui propriedades antivirais, antifúngicas, antibacterianas, anti-inflamatórias, anticancerígenas, hipoglicemiantes e antioxidantes.",
      "image": 40,
      "body": "[]",
      "origin": [5]
    }
  },
  {
    "model": "products.productpage",
    "pk": 57,
    "fields": {
      "introduction": "O repolho é uma hortaliça rica em fibras e antioxidantes que reduzem a absorção de gordura dos alimentos e evitam a oxidação das células de gordura, ajudando a diminuir os níveis de colesterol ruim no sangue.",
      "image": 39,
      "body": "[]",
      "origin": [6]
    }
  },
  {
    "model": "products.productpage",
    "pk": 59,
    "fields": {
      "introduction": "O tomate é um fruto rico em vitamina C, vitamina A, vitamina K e licopeno, que é um potente antioxidante, ajudando, por isso, a manter a saúde da pele, fortalecer o sistema imunológico e evitar doenças como infarto e aterosclerose.",
      "image": 36,
      "body": "[]",
      "origin": [3]

    }
  },
  {
    "model": "blog.blogindexpage",
    "pk": 61,
    "fields": {
      "introduction": "Bem vindo ao nosso blog",
      "image": 11
    }
  },
  {
    "model": "blog.blogpage",
    "pk": 62,
    "fields": {
      "introduction": "Quisque posuere orci a sapien varius, eu rutrum odio iaculis. Nulla convallis quis justo vitae convallis. Curabitur eu nunc nibh. Proin a placerat magna. Maecenas vitae eleifend sem, ac semper velit. Sed vel elementum velit. Sed eget leo eget ipsum tempor bibendum vel quis lacus. Cras porta tincidunt tellus vitae auctor. Fusce mollis est pharetra felis dignissim euismod. Donec elementum dui et erat maximus, id consequat dolor ullamcorper. Morbi dignissim enim vel purus auctor viverra. Mauris viverra aliquet eros vel gravida. Maecenas arcu massa, semper at massa eget, ullamcorper consequat velit.",
      "image": 21,
      "body": "[{\"type\": \"paragraph_block\", \"value\": \"<p> Donec nibh sem, finibus quis diam sed, fermentum condimentum lacus. Aliquam pretium mollis augue quis semper. Phasellus imperdiet egestas viverra. Praesent fringilla sagittis erat eu efficitur. Nullam a cursus odio. Morbi volutpat dictum dolor, sed finibus neque placerat non. Quisque pharetra massa sed magna sodales, sed cursus lectus sollicitudin. Morbi lobortis ipsum nec odio bibendum, vitae vehicula eros consequat. Quisque ac pretium eros. Sed non turpis ligula. Donec laoreet malesuada libero. Sed hendrerit efficitur erat iaculis lobortis. Cras non sagittis diam. Fusce tincidunt efficitur magna, vel luctus sapien egestas ac. Sed dignissim eros ac magna viverra consequat. Ut et molestie est, non faucibus sem. </p>\"}, {\"type\": \"image_block\", \"value\": {\"image\": 24, \"attribution\": \"Creative Commons\", \"caption\": \"Receita com Coentro\"}}]",
      "subtitle": "Receita com Coentro",
      "date_published": "2023-01-12"
    }
  },
  {
    "model": "blog.blogpage",
    "pk": 68,
    "fields": {
      "introduction": "Baking is a method of cooking food that uses prolonged dry heat, normally in an oven, but also in hot ashes, or on hot stones. The most common baked item is bread but many other types of foods are baked.",
      "image": 22,
      "body": "[{\"type\": \"paragraph_block\", \"value\": \"<p> Donec nibh sem, finibus quis diam sed, fermentum condimentum lacus. Aliquam pretium mollis augue quis semper. Phasellus imperdiet egestas viverra. Praesent fringilla sagittis erat eu efficitur. Nullam a cursus odio. Morbi volutpat dictum dolor, sed finibus neque placerat non. Quisque pharetra massa sed magna sodales, sed cursus lectus sollicitudin. Morbi lobortis ipsum nec odio bibendum, vitae vehicula eros consequat. Quisque ac pretium eros. Sed non turpis ligula. Donec laoreet malesuada libero. Sed hendrerit efficitur erat iaculis lobortis. Cras non sagittis diam. Fusce tincidunt efficitur magna, vel luctus sapien egestas ac. Sed dignissim eros ac magna viverra consequat. Ut et molestie est, non faucibus sem. </p>\"}, {\"type\": \"image_block\", \"value\": {\"image\": 24, \"attribution\": \"Creative Commons\", \"caption\": \"Laranja Cravo\"}}]",
      "subtitle": "Laranja Cravo",
      "date_published": "2023-02-14"
    }
  },
  {
    "model": "blog.blogpage",
    "pk": 72,
    "fields": {
      "introduction": "Aenean eros odio, mollis non arcu nec, blandit aliquet orci. Maecenas et interdum sem, et tincidunt nulla. Vestibulum congue at risus at bibendum. Donec ultrices finibus nisi nec tempus. Sed purus lacus, gravida non lacinia porttitor, posuere vel nulla. Aenean vitae sem mauris. Phasellus luctus posuere turpis et iaculis.",
      "image": 23,
      "body": "[{\"type\": \"paragraph_block\", \"value\": \"<p>Lorem ipsum dolor sit amet, consectetur adipiscing elit. Etiam dapibus nunc euismod, finibus turpis sed, auctor arcu. Aliquam erat volutpat. Praesent a odio eu dolor luctus consequat sit amet sit amet ipsum. Mauris rutrum, odio et aliquam malesuada, tellus leo convallis urna, sagittis ornare metus lectus eget dolor. Proin eu lectus efficitur, feugiat augue ut, luctus lorem. Aenean at neque eget arcu lacinia fringilla ac at felis. Nulla viverra ornare placerat. Donec pharetra id nunc et consectetur. Vivamus vel nisi gravida, mollis eros commodo, tristique enim. Interdum et malesuada fames ac ante ipsum primis in faucibus. Curabitur ullamcorper in velit ac scelerisque. Nam enim neque, consectetur nec tincidunt at, ultrices ac orci. Nullam sit amet risus dolor.</p>\"}, {\"type\": \"image_block\", \"value\": {\"image\": 42, \"attribution\": \"Creative Commons\", \"caption\": \"Feira de Vegetais\"}}]",
      "subtitle": "Viking bakeries and Norse donuts",
      "date_published": "2023-03-21"
    }
  },
  {
    "model": "blog.blogpage",
    "pk": 73,
    "fields": {
      "introduction": "Sed vitae auctor sapien. In hac habitasse platea dictumst. Proin pellentesque libero vel massa luctus, ut dictum neque volutpat. Sed auctor condimentum elementum. Etiam felis metus, posuere eget rutrum lobortis, gravida ac orci. Quisque pulvinar at massa at vehicula. Cras cursus sem leo, feugiat tempus ex feugiat ac. Vestibulum eleifend arcu nisi, ac elementum mauris rhoncus in.",
      "image": 9,
      "body": "[{\"type\": \"paragraph_block\", \"value\": \"<p>Aenean malesuada massa in elit mollis tincidunt. Maecenas aliquet nulla non massa rutrum hendrerit. Aenean vehicula sollicitudin dignissim. Fusce in leo eget neque sodales congue at et magna. Etiam aliquam, mauris at aliquam gravida, dolor libero sagittis ligula, at congue sapien lacus at est. Vestibulum ac nunc ac risus placerat malesuada. Nunc rhoncus, nisl eget cursus placerat, dui nibh tincidunt justo, eu luctus quam nisi id felis. Vivamus ac consequat tellus, iaculis eleifend metus. Nunc non nibh vitae felis efficitur accumsan. Curabitur vitae nisi bibendum quam interdum sollicitudin. Vestibulum euismod non ligula eget venenatis. Donec in risus et nibh ultrices eleifend. Proin sodales odio dui, interdum dapibus urna tempus nec. Morbi ac diam sed risus mollis ultricies. Cras aliquet, libero ut luctus pretium, nunc magna accumsan justo, in laoreet turpis ante tristique magna. Quisque non sapien erat.</p>\"}, {\"type\": \"image_block\", \"value\": {\"image\": 10, \"attribution\": \"Creative Commons\", \"caption\": \"Fresh baked\"}}]",
      "subtitle": "The ingredients of traditional soda bread are flour, bread soda, salt, and buttermilk.",
      "date_published": "2023-02-08"
    }
  },
  {
    "model": "blog.blogpage",
    "pk": 74,
    "fields": {
      "introduction": "Sed vitae auctor sapien. In hac habitasse platea dictumst. Proin pellentesque libero vel massa luctus, ut dictum neque volutpat. Sed auctor condimentum elementum.",
      "image": 25,
      "body": "[{\"type\": \"paragraph_block\", \"value\": \"<p>Aenean malesuada massa in elit mollis tincidunt. Maecenas aliquet nulla non massa rutrum hendrerit. Aenean vehicula sollicitudin dignissim. Fusce in leo eget neque sodales congue at et magna. Etiam aliquam, mauris at aliquam gravida, dolor libero sagittis ligula, at congue sapien lacus at est. Vestibulum ac nunc ac risus placerat malesuada. Nunc rhoncus, nisl eget cursus placerat, dui nibh tincidunt justo, eu luctus quam nisi id felis. Vivamus ac consequat tellus, iaculis eleifend metus. Nunc non nibh vitae felis efficitur accumsan. Curabitur vitae nisi bibendum quam interdum sollicitudin. Vestibulum euismod non ligula eget venenatis. Donec in risus et nibh ultrices eleifend. Proin sodales odio dui, interdum dapibus urna tempus nec. Morbi ac diam sed risus mollis ultricies. Cras aliquet, libero ut luctus pretium, nunc magna accumsan justo, in laoreet turpis ante tristique magna. Quisque non sapien erat.</p>\"}, {\"type\": \"image_block\", \"value\": {\"image\": 35, \"attribution\": \"Creative Commons\", \"caption\": \"Plantação de Acerola\"}}]",
      "subtitle": "Plantação de Acerola",
      "date_published": "2023-02-02"
    }
  },
  {
    "model": "blog.blogpage",
    "pk": 77,
    "fields": {
      "introduction": "Aenean eros odio, mollis non arcu nec, blandit aliquet orci. Maecenas et interdum sem, et tincidunt nulla. Vestibulum congue at risus at bibendum. Donec ultrices finibus nisi nec tempus. Sed purus lacus, gravida non lacinia porttitor, posuere vel nulla. Aenean vitae sem mauris. Phasellus luctus posuere turpis et iaculis.",
      "image": 43,
      "body": "[{\"type\": \"paragraph_block\", \"value\": \"<p>Lorem ipsum dolor sit amet, consectetur adipiscing elit. Etiam dapibus nunc euismod, finibus turpis sed, auctor arcu. Aliquam erat volutpat. Praesent a odio eu dolor luctus consequat sit amet sit amet ipsum. Mauris rutrum, odio et aliquam malesuada, tellus leo convallis urna, sagittis ornare metus lectus eget dolor. Proin eu lectus efficitur, feugiat augue ut, luctus lorem. Aenean at neque eget arcu lacinia fringilla ac at felis. Nulla viverra ornare placerat. Donec pharetra id nunc et consectetur. Vivamus vel nisi gravida, mollis eros commodo, tristique enim. Interdum et malesuada fames ac ante ipsum primis in faucibus. Curabitur ullamcorper in velit ac scelerisque. Nam enim neque, consectetur nec tincidunt at, ultrices ac orci. Nullam sit amet risus dolor.</p>\"}, {\"type\": \"image_block\", \"value\": {\"image\": 15, \"attribution\": \"Creative Commons\", \"caption\": \"Dieta Beterraba\"}}]",
      "subtitle": "Dieta com Beterraba",
      "date_published": "2023-02-24"
    }
  },
  {
    "model": "base.formpage",
    "pk": 69,
    "fields": {
      "to_address": "fabiojulio.santos@protonmail.ch",
      "from_address": "pythonlip@gmail.com",
      "subject": "Contact message from Wagtail Demo site",
      "image": null,
      "body": "[{\"type\": \"paragraph_block\", \"value\": \"<p>\\u00a0</p><p>Utilize este formulário para entrar em contato conosco, enviando suas dúvidas, ou sugestões.</p>\"}]",
      "thank_you_text": "<p>Obrigado!</p><p>Recebemos sua mensagem e responderemos o mais rápido possível.</p>"
    }
  },
  {
    "model": "base.gallerypage",
    "pk": 70,
    "fields": {
      "introduction": "Algumas fotos das áreas de Agricutura Urbana e Periurbana.",
      "image": 23,
      "body": "[]",
      "collection": 2
    }
  },
  {
    "model": "base.homepage",
    "pk": 60,
    "fields": {
      "image": 54,
      "hero_text": "Um portal com informações das áreas de Agricultura Urbana e Periurbana (AUP) da RMR.",
      "hero_cta": "Conheça mais o projeto",
      "hero_cta_link": 76,
      "body": "[{\"type\": \"paragraph_block\", \"value\": \"<p><b>Bread</b>\\u00a0is a\\u00a0<a href=\\\"https://en.wikipedia.org/wiki/Staple_food\\\">staple food</a>\\u00a0prepared from a\\u00a0<a href=\\\"https://en.wikipedia.org/wiki/Dough\\\">dough</a>\\u00a0of\\u00a0<a href=\\\"https://en.wikipedia.org/wiki/Flour\\\">flour</a>\\u00a0and\\u00a0<a href=\\\"https://en.wikipedia.org/wiki/Water\\\">water</a>, usually by\\u00a0<a href=\\\"https://en.wikipedia.org/wiki/Baking\\\">baking</a>. Throughout recorded history it has been popular around the world and is one of the oldest artificial foods, having been of importance since the dawn of\\u00a0<a href=\\\"https://en.wikipedia.org/wiki/Agriculture#History\\\">agriculture</a>.</p><p>Proportions of types of flour and other ingredients vary widely, as do modes of preparation. As a result, types, shapes, sizes, and textures of breads differ around the world. Bread may be\\u00a0<a href=\\\"https://en.wikipedia.org/wiki/Leaven\\\">leavened</a>\\u00a0by processes such as reliance on naturally occurring\\u00a0<a href=\\\"https://en.wikipedia.org/wiki/Sourdough\\\">sourdough</a>\\u00a0microbes, chemicals, industrially produced yeast, or high-pressure aeration. Some bread is cooked before it can leaven, including for traditional or religious reasons. Non-cereal ingredients such as fruits, nuts and fats may be included. Commercial bread commonly contains additives to improve flavor, texture, color, shelf life, and ease of manufacturing.</p>\"}]",
      "promo_image": 55,
      "promo_title": "O papel das AUPs",
      "promo_text": "<p>As AUPs podem ser uma das principais ferramentas na contribuição para a segurança alimentar da maioria das cidades, tanto consolidando-se como um componente do sistema alimentar urbano, como minimizando de problemas de insegurança alimentar dos grupos vulneráveis.</p>",
      "featured_section_1_title": "Produtos",
      "featured_section_1": 3,
      "featured_section_2_title": "Locais",
      "featured_section_2": 63,
      "featured_section_3_title": "Blog",
      "featured_section_3": 61
    }
  },
  {
    "model": "base.standardpage",
    "pk": 76,
    "fields": {
      "introduction": "Bem Vindo ao portal de Agricultura Urbana e Periurbana!",
      "image": 41,
      "body": "[{\"type\": \"paragraph_block\", \"value\": \"<h2>Este portal é mantido pelo Instituto Agronômico de Pernambuco</h2><p>O IPA foi criado em 1935 sob a denominação de Instituto de Pesquisas Agronômicas, órgão da administração direta do Estado de Pernambuco, com sede e laboratórios na cidade do Recife.</p> <p> Em 1960, foi transformado em autarquia, permanecendo com a mesma denominação, expandindo suas atividades para o interior por meio de uma rede de estações experimentais que lhe foi incorporada. </p> <p>Em 1975, segundo a Lei 6959, foi novamente transformado, recebendo a denominação de Empresa Pernambucana de Pesquisa Agropecuária, mantendo a sigla IPA, já consagrada no seu universo de atuação. </p> <p>Em consequência da reforma administrativa do Governo do Estado, cujo marco é Lei Complementar 049 de 31/01/2003, o IPA ampliou sua competência de entidade voltada para pesquisa e desenvolvimento e produção de bens e serviços agropecuários incorporando as atividades de assistência técnica, extensão rural e de infra-estrutura hídrica. O IPA, nos dias de hoje, integra o Sistema Nacional de Pesquisa Agropecuária (SNPA), coordenado pela EMBRAPA.</p>\"}]"
    }
  }
]
