[
  {
    "model": "base.person",
    "pk": 1,
    "fields": {
      "first_name": "Roberta",
      "last_name": "Johnson",
      "job_title": "Editorial Manager",
      "image": 8
    }
  },
  {
    "model": "base.person",
    "pk": 2,
    "fields": {
      "first_name": "Olivia",
      "last_name": "Ava",
      "job_title": "Director",
      "image": 52
    }
  },
  {
    "model": "base.person",
    "pk": 3,
    "fields": {
      "first_name": "Lightnin'",
      "last_name": "Hopkins",
      "job_title": "Designer",
      "image": 53
    }
  },
  {
    "model": "base.person",
    "pk": 4,
    "fields": {
      "first_name": "Muddy",
      "last_name": "Waters",
      "job_title": "Assistant Editor",
      "image": 51
    }
  },
  {
    "model": "base.footertext",
    "pk": 1,
    "fields": {
      "body": "<p><b>Instituto Agronômico de Pernambuco</b>, 2023. Todos os direitos reservados.<br/></p>"
    }
  },
  {
    "model": "base.formfield",
    "pk": 1,
    "fields": {
      "sort_order": 0,
      "label": "Assunto",
      "clean_name": "assunto",
      "field_type": "singleline",
      "required": true,
      "choices": "",
      "default_value": "",
      "help_text": "",
      "page": 69
    }
  },
  {
    "model": "base.formfield",
    "pk": 2,
    "fields": {
      "sort_order": 1,
      "label": "Seu Nome",
      "clean_name": "seu_nome",
      "field_type": "singleline",
      "required": true,
      "choices": "",
      "default_value": "",
      "help_text": "",
      "page": 69
    }
  },
  {
    "model": "base.formfield",
    "pk": 3,
    "fields": {
      "sort_order": 2,
      "label": "Seu Email",
      "clean_name": "seu_email",
      "field_type": "email",
      "required": true,
      "choices": "",
      "default_value": "you@example.com",
      "help_text": "",
      "page": 69
    }
  },
  {
    "model": "base.formfield",
    "pk": 4,
    "fields": {
      "sort_order": 3,
      "label": "Assunto",
      "clean_name": "purpose",
      "field_type": "dropdown",
      "required": true,
      "choices": "Dúvida, Sugestão",
      "default_value": "",
      "help_text": "",
      "page": 69
    }
  },
  {
    "model": "base.formfield",
    "pk": 5,
    "fields": {
      "sort_order": 4,
      "label": "Mensagem",
      "clean_name": "mensagem",
      "field_type": "multiline",
      "required": true,
      "choices": "",
      "default_value": "",
      "help_text": "Digite aqui, a sua mensagem",
      "page": 69
    }
  },
  {
    "model": "blog.blogpersonrelationship",
    "pk": 2,
    "fields": {
      "sort_order": 0,
      "page": 62,
      "person": 1
    }
  },
  {
    "model": "blog.blogpersonrelationship",
    "pk": 3,
    "fields": {
      "sort_order": 0,
      "page": 68,
      "person": 2
    }
  },
  {
    "model": "blog.blogpersonrelationship",
    "pk": 4,
    "fields": {
      "sort_order": 0,
      "page": 72,
      "person": 3
    }
  },
  {
    "model": "blog.blogpersonrelationship",
    "pk": 5,
    "fields": {
      "sort_order": 0,
      "page": 73,
      "person": 3
    }
  },
  {
    "model": "blog.blogpersonrelationship",
    "pk": 6,
    "fields": {
      "sort_order": 0,
      "page": 74,
      "person": 1
    }
  },
  {
    "model": "blog.blogpersonrelationship",
    "pk": 7,
    "fields": {
      "sort_order": 1,
      "page": 74,
      "person": 3
    }
  },
  {
    "model": "blog.blogpersonrelationship",
    "pk": 8,
    "fields": {
      "sort_order": 1,
      "page": 73,
      "person": 1
    }
  },
  {
    "model": "blog.blogpersonrelationship",
    "pk": 9,
    "fields": {
      "sort_order": 0,
      "page": 77,
      "person": 2
    }
  },
  {
    "model": "blog.blogpagetag",
    "pk": 52,
    "fields": {
      "tag": 3,
      "content_object": 62
    }
  },
  {
    "model": "blog.blogpagetag",
    "pk": 53,
    "fields": {
      "tag": 4,
      "content_object": 62
    }
  },
  {
    "model": "blog.blogpagetag",
    "pk": 76,
    "fields": {
      "tag": 10,
      "content_object": 74
    }
  },
  {
    "model": "blog.blogpagetag",
    "pk": 77,
    "fields": {
      "tag": 7,
      "content_object": 74
    }
  },
  {
    "model": "blog.blogpagetag",
    "pk": 87,
    "fields": {
      "tag": 3,
      "content_object": 68
    }
  },
  {
    "model": "blog.blogpagetag",
    "pk": 88,
    "fields": {
      "tag": 13,
      "content_object": 68
    }
  },
  {
    "model": "blog.blogpagetag",
    "pk": 89,
    "fields": {
      "tag": 8,
      "content_object": 72
    }
  },
  {
    "model": "blog.blogpagetag",
    "pk": 90,
    "fields": {
      "tag": 4,
      "content_object": 72
    }
  },
  {
    "model": "blog.blogpagetag",
    "pk": 94,
    "fields": {
      "tag": 8,
      "content_object": 73
    }
  },
  {
    "model": "blog.blogpagetag",
    "pk": 95,
    "fields": {
      "tag": 9,
      "content_object": 73
    }
  },
  {
    "model": "blog.blogpagetag",
    "pk": 96,
    "fields": {
      "tag": 3,
      "content_object": 73
    }
  },
  {
    "model": "blog.blogpagetag",
    "pk": 97,
    "fields": {
      "tag": 11,
      "content_object": 77
    }
  },
  {
    "model": "breads.country",
    "pk": 1,
    "fields": {
      "title": "Paulista"
    }
  },
  {
    "model": "breads.country",
    "pk": 2,
    "fields": {
      "title": "Arcoverde"
    }
  },
  {
    "model": "breads.country",
    "pk": 3,
    "fields": {
      "title": "Garanhuns"
    }
  },
  {
    "model": "breads.country",
    "pk": 4,
    "fields": {
      "title": "Petrolina"
    }
  },
  {
    "model": "breads.country",
    "pk": 5,
    "fields": {
      "title": "Caruaru"
    }
  },
  {
    "model": "breads.country",
    "pk": 6,
    "fields": {
      "title": "Escada"
    }
  },
  {
    "model": "breads.breadingredient",
    "pk": 1,
    "fields": {
      "name": "Yeast"
    }
  },
  {
    "model": "breads.breadingredient",
    "pk": 2,
    "fields": {
      "name": "Flour"
    }
  },
  {
    "model": "breads.breadingredient",
    "pk": 3,
    "fields": {
      "name": "Water"
    }
  },
  {
    "model": "breads.breadingredient",
    "pk": 4,
    "fields": {
      "name": "Cinnamon"
    }
  },
  {
    "model": "breads.breadingredient",
    "pk": 5,
    "fields": {
      "name": "Salt"
    }
  },
  {
    "model": "breads.breadtype",
    "pk": 1,
    "fields": {
      "title": "asdf"
    }
  },
  {
    "model": "breads.breadtype",
    "pk": 2,
    "fields": {
      "title": "Flatbread"
    }
  },
  {
    "model": "breads.breadtype",
    "pk": 3,
    "fields": {
      "title": "Buckwheat bread"
    }
  },
  {
    "model": "breads.breadtype",
    "pk": 4,
    "fields": {
      "title": "Yeast bread"
    }
  },
  {
    "model": "breads.breadtype",
    "pk": 5,
    "fields": {
      "title": "Sweet bun"
    }
  },
  {
    "model": "breads.breadtype",
    "pk": 6,
    "fields": {
      "title": "Varies widely"
    }
  },
  {
    "model": "breads.breadtype",
    "pk": 7,
    "fields": {
      "title": "Cornbread"
    }
  },
  {
    "model": "breads.breadtype",
    "pk": 8,
    "fields": {
      "title": "Various thick, round breads"
    }
  },
  {
    "model": "breads.breadtype",
    "pk": 9,
    "fields": {
      "title": "Sweet bread"
    }
  },
  {
    "model": "breads.breadtype",
    "pk": 10,
    "fields": {
      "title": "Fruit bread"
    }
  },
  {
    "model": "breads.breadtype",
    "pk": 11,
    "fields": {
      "title": "Unleavened bread"
    }
  },
  {
    "model": "breads.breadtype",
    "pk": 12,
    "fields": {
      "title": "Quick or yeast bread"
    }
  },
  {
    "model": "breads.breadtype",
    "pk": 13,
    "fields": {
      "title": "Waffle"
    }
  },
  {
    "model": "breads.breadtype",
    "pk": 14,
    "fields": {
      "title": "Unleavened Flatbread"
    }
  },
  {
    "model": "breads.breadtype",
    "pk": 15,
    "fields": {
      "title": "Yeast bread or unleavened"
    }
  },
  {
    "model": "breads.breadtype",
    "pk": 16,
    "fields": {
      "title": "Rye bread"
    }
  },
  {
    "model": "breads.breadtype",
    "pk": 17,
    "fields": {
      "title": "Bun"
    }
  },
  {
    "model": "breads.breadtype",
    "pk": 18,
    "fields": {
      "title": "Pancake"
    }
  },
  {
    "model": "locations.locationoperatinghours",
    "pk": 1,
    "fields": {
      "sort_order": 0,
      "day": "SEG",
      "opening_time": "08:00:00",
      "closing_time": "18:00:00",
      "closed": false,
      "location": 64
    }
  },
  {
    "model": "locations.locationoperatinghours",
    "pk": 2,
    "fields": {
      "sort_order": 1,
      "day": "TER",
      "opening_time": "08:00:00",
      "closing_time": "20:00:00",
      "closed": false,
      "location": 64
    }
  },
  {
    "model": "locations.locationoperatinghours",
    "pk": 3,
    "fields": {
      "sort_order": 2,
      "day": "QUA",
      "opening_time": "08:00:00",
      "closing_time": "20:00:00",
      "closed": false,
      "location": 64
    }
  },
  {
    "model": "locations.locationoperatinghours",
    "pk": 4,
    "fields": {
      "sort_order": 3,
      "day": "QUI",
      "opening_time": "08:00:00",
      "closing_time": "17:00:00",
      "closed": false,
      "location": 64
    }
  },
  {
    "model": "locations.locationoperatinghours",
    "pk": 5,
    "fields": {
      "sort_order": 0,
      "day": "SEG",
      "opening_time": "09:00:00",
      "closing_time": "18:00:00",
      "closed": false,
      "location": 65
    }
  },
  {
    "model": "locations.locationoperatinghours",
    "pk": 6,
    "fields": {
      "sort_order": 1,
      "day": "TER",
      "opening_time": "09:00:00",
      "closing_time": "20:00:00",
      "closed": false,
      "location": 65
    }
  },
  {
    "model": "locations.locationoperatinghours",
    "pk": 7,
    "fields": {
      "sort_order": 2,
      "day": "QUA",
      "opening_time": "06:00:00",
      "closing_time": "18:00:00",
      "closed": false,
      "location": 65
    }
  },
  {
    "model": "locations.locationoperatinghours",
    "pk": 8,
    "fields": {
      "sort_order": 3,
      "day": "QUI",
      "opening_time": "09:00:00",
      "closing_time": "22:00:00",
      "closed": false,
      "location": 65
    }
  },
  {
    "model": "locations.locationoperatinghours",
    "pk": 9,
    "fields": {
      "sort_order": 0,
      "day": "SEG",
      "opening_time": "06:00:00",
      "closing_time": "20:00:00",
      "closed": false,
      "location": 66
    }
  },
  {
    "model": "locations.locationoperatinghours",
    "pk": 10,
    "fields": {
      "sort_order": 1,
      "day": "TER",
      "opening_time": "05:00:00",
      "closing_time": "21:00:00",
      "closed": false,
      "location": 66
    }
  },
  {
    "model": "locations.locationoperatinghours",
    "pk": 11,
    "fields": {
      "sort_order": 2,
      "day": "QUA",
      "opening_time": "08:00:00",
      "closing_time": "18:00:00",
      "closed": false,
      "location": 66
    }
  },
  {
    "model": "locations.locationoperatinghours",
    "pk": 12,
    "fields": {
      "sort_order": 3,
      "day": "QUI",
      "opening_time": "07:00:00",
      "closing_time": "19:00:00",
      "closed": false,
      "location": 66
    }
  },
  {
    "model": "locations.locationoperatinghours",
    "pk": 13,
    "fields": {
      "sort_order": 0,
      "day": "SEG",
      "opening_time": "08:00:00",
      "closing_time": "18:00:00",
      "closed": false,
      "location": 67
    }
  },
  {
    "model": "locations.locationoperatinghours",
    "pk": 14,
    "fields": {
      "sort_order": 1,
      "day": "TER",
      "opening_time": null,
      "closing_time": null,
      "closed": true,
      "location": 67
    }
  },
  {
    "model": "locations.locationoperatinghours",
    "pk": 15,
    "fields": {
      "sort_order": 2,
      "day": "QUA",
      "opening_time": "09:00:00",
      "closing_time": "18:00:00",
      "closed": false,
      "location": 67
    }
  },
  {
    "model": "locations.locationoperatinghours",
    "pk": 16,
    "fields": {
      "sort_order": 3,
      "day": "QUI",
      "opening_time": "09:00:00",
      "closing_time": "18:00:00",
      "closed": false,
      "location": 67
    }
  },
  {
    "model": "locations.locationoperatinghours",
    "pk": 17,
    "fields": {
      "sort_order": 4,
      "day": "SEX",
      "opening_time": "09:00:00",
      "closing_time": "18:00:00",
      "closed": false,
      "location": 67
    }
  },
  {
    "model": "locations.locationoperatinghours",
    "pk": 18,
    "fields": {
      "sort_order": 5,
      "day": "SAB",
      "opening_time": "07:00:00",
      "closing_time": "13:00:00",
      "closed": false,
      "location": 67
    }
  },
  {
    "model": "locations.locationoperatinghours",
    "pk": 19,
    "fields": {
      "sort_order": 6,
      "day": "DOM",
      "opening_time": null,
      "closing_time": null,
      "closed": true,
      "location": 67
    }
  },
  {
    "model": "locations.locationoperatinghours",
    "pk": 20,
    "fields": {
      "sort_order": 4,
      "day": "SEX",
      "opening_time": "09:00:00",
      "closing_time": "18:00:00",
      "closed": false,
      "location": 65
    }
  },
  {
    "model": "locations.locationoperatinghours",
    "pk": 21,
    "fields": {
      "sort_order": 5,
      "day": "SAB",
      "opening_time": "09:00:00",
      "closing_time": "13:00:00",
      "closed": false,
      "location": 65
    }
  },
  {
    "model": "locations.locationoperatinghours",
    "pk": 22,
    "fields": {
      "sort_order": 6,
      "day": "DOM",
      "opening_time": null,
      "closing_time": null,
      "closed": true,
      "location": 65
    }
  },
  {
    "model": "locations.locationoperatinghours",
    "pk": 23,
    "fields": {
      "sort_order": 4,
      "day": "SEX",
      "opening_time": "08:00:00",
      "closing_time": "17:00:00",
      "closed": false,
      "location": 64
    }
  },
  {
    "model": "locations.locationoperatinghours",
    "pk": 24,
    "fields": {
      "sort_order": 5,
      "day": "SAB",
      "opening_time": null,
      "closing_time": null,
      "closed": true,
      "location": 64
    }
  },
  {
    "model": "locations.locationoperatinghours",
    "pk": 25,
    "fields": {
      "sort_order": 6,
      "day": "DOM",
      "opening_time": null,
      "closing_time": null,
      "closed": true,
      "location": 64
    }
  },
  {
    "model": "locations.locationoperatinghours",
    "pk": 26,
    "fields": {
      "sort_order": 4,
      "day": "SEX",
      "opening_time": null,
      "closing_time": null,
      "closed": true,
      "location": 66
    }
  },
  {
    "model": "locations.locationoperatinghours",
    "pk": 27,
    "fields": {
      "sort_order": 5,
      "day": "SAB",
      "opening_time": "07:00:00",
      "closing_time": "19:00:00",
      "closed": false,
      "location": 66
    }
  },
  {
    "model": "locations.locationoperatinghours",
    "pk": 28,
    "fields": {
      "sort_order": 6,
      "day": "DOM",
      "opening_time": "09:00:00",
      "closing_time": "12:00:00",
      "closed": false,
      "location": 66
    }
  },
  {
    "model": "locations.locationoperatinghours",
    "pk": 29,
    "fields": {
      "sort_order": 0,
      "day": "SEG",
      "opening_time": "09:00:00",
      "closing_time": "18:00:00",
      "closed": false,
      "location": 78
    }
  },
  {
    "model": "locations.locationoperatinghours",
    "pk": 30,
    "fields": {
      "sort_order": 1,
      "day": "TER",
      "opening_time": "09:00:00",
      "closing_time": "20:00:00",
      "closed": false,
      "location": 78
    }
  },
  {
    "model": "locations.locationoperatinghours",
    "pk": 31,
    "fields": {
      "sort_order": 2,
      "day": "QUA",
      "opening_time": "06:00:00",
      "closing_time": "18:00:00",
      "closed": false,
      "location": 78
    }
  },
  {
    "model": "locations.locationoperatinghours",
    "pk": 32,
    "fields": {
      "sort_order": 3,
      "day": "QUI",
      "opening_time": "09:00:00",
      "closing_time": "22:00:00",
      "closed": false,
      "location": 78
    }
  },
  {
    "model": "locations.locationoperatinghours",
    "pk": 33,
    "fields": {
      "sort_order": 4,
      "day": "SEX",
      "opening_time": "09:00:00",
      "closing_time": "18:00:00",
      "closed": false,
      "location": 78
    }
  },
  {
    "model": "locations.locationoperatinghours",
    "pk": 34,
    "fields": {
      "sort_order": 5,
      "day": "SAB",
      "opening_time": "09:00:00",
      "closing_time": "13:00:00",
      "closed": false,
      "location": 78
    }
  },
  {
    "model": "locations.locationoperatinghours",
    "pk": 35,
    "fields": {
      "sort_order": 6,
      "day": "DOM",
      "opening_time": null,
      "closing_time": null,
      "closed": true,
      "location": 78
    }
  },
  {
    "model": "locations.locationoperatinghours",
    "pk": 36,
    "fields": {
      "sort_order": 0,
      "day": "SEG",
      "opening_time": "09:00:00",
      "closing_time": "18:00:00",
      "closed": false,
      "location": 79
    }
  },
  {
    "model": "locations.locationoperatinghours",
    "pk": 37,
    "fields": {
      "sort_order": 1,
      "day": "TER",
      "opening_time": "09:00:00",
      "closing_time": "20:00:00",
      "closed": false,
      "location": 79
    }
  },
  {
    "model": "locations.locationoperatinghours",
    "pk": 38,
    "fields": {
      "sort_order": 2,
      "day": "QUA",
      "opening_time": "06:00:00",
      "closing_time": "18:00:00",
      "closed": false,
      "location": 79
    }
  },
  {
    "model": "locations.locationoperatinghours",
    "pk": 39,
    "fields": {
      "sort_order": 3,
      "day": "QUI",
      "opening_time": "09:00:00",
      "closing_time": "22:00:00",
      "closed": false,
      "location": 79
    }
  },
  {
    "model": "locations.locationoperatinghours",
    "pk": 40,
    "fields": {
      "sort_order": 4,
      "day": "SEX",
      "opening_time": "09:00:00",
      "closing_time": "18:00:00",
      "closed": false,
      "location": 79
    }
  },
  {
    "model": "locations.locationoperatinghours",
    "pk": 41,
    "fields": {
      "sort_order": 5,
      "day": "SAB",
      "opening_time": "09:00:00",
      "closing_time": "13:00:00",
      "closed": false,
      "location": 79
    }
  },
  {
    "model": "locations.locationoperatinghours",
    "pk": 42,
    "fields": {
      "sort_order": 6,
      "day": "DOM",
      "opening_time": null,
      "closing_time": null,
      "closed": true,
      "location": 79
    }
  },
  {
    "model": "wagtailforms.formsubmission",
    "pk": 1,
    "fields": {
      "form_data": {
        "purpose": "Feedback",
        "subject": "What's up?",
        "body": "Love what you guys are doing with the site so far.",
        "your_name": "Scot Hacker",
        "your_email": "shacker@birdhouse.org"
      },
      "page": 69,
      "submit_time": "2019-02-15T16:56:48.939Z"
    }
  },
  {
    "model": "wagtailsearch.query",
    "pk": 1,
    "fields": {
      "query_string": "chocolate"
    }
  },
  {
    "model": "wagtailsearch.query",
    "pk": 2,
    "fields": {
      "query_string": "london"
    }
  },
  {
    "model": "wagtailsearch.query",
    "pk": 3,
    "fields": {
      "query_string": "circus"
    }
  },
  {
    "model": "wagtailsearch.querydailyhits",
    "pk": 1,
    "fields": {
      "query": 1,
      "date": "2019-02-11",
      "hits": 2
    }
  },
  {
    "model": "wagtailsearch.querydailyhits",
    "pk": 2,
    "fields": {
      "query": 2,
      "date": "2019-02-15",
      "hits": 1
    }
  },
  {
    "model": "wagtailsearch.querydailyhits",
    "pk": 3,
    "fields": {
      "query": 3,
      "date": "2019-02-24",
      "hits": 1
    }
  },
  {
    "model": "wagtailcore.site",
    "pk": 2,
    "fields": {
      "hostname": "127.0.0.1",
      "port": 8000,
      "site_name": "Wagtail Bakery",
      "root_page": 60,
      "is_default_site": true
    }
  },
  {
    "model": "wagtailcore.collection",
    "pk": 1,
    "fields": {
      "path": "0001",
      "depth": 1,
      "numchild": 3,
      "name": "Root"
    }
  },
  {
    "model": "wagtailcore.collection",
    "pk": 2,
    "fields": {
      "path": "00010001",
      "depth": 2,
      "numchild": 0,
      "name": "Bakeries"
    }
  },
  {
    "model": "wagtailcore.collection",
    "pk": 3,
    "fields": {
      "path": "00010003",
      "depth": 2,
      "numchild": 0,
      "name": "Other"
    }
  },
  {
    "model": "wagtailcore.collection",
    "pk": 4,
    "fields": {
      "path": "00010002",
      "depth": 2,
      "numchild": 0,
      "name": "BreadPage Images"
    }
  },
  {
    "model": "taggit.tag",
    "pk": 1,
    "fields": {
      "name": "pineapple",
      "slug": "pineapple"
    }
  },
  {
    "model": "taggit.tag",
    "pk": 2,
    "fields": {
      "name": "bike",
      "slug": "bike"
    }
  },
  {
    "model": "taggit.tag",
    "pk": 3,
    "fields": {
      "name": "yeast",
      "slug": "yeast"
    }
  },
  {
    "model": "taggit.tag",
    "pk": 4,
    "fields": {
      "name": "fermentation",
      "slug": "fermentation"
    }
  },
  {
    "model": "taggit.tag",
    "pk": 5,
    "fields": {
      "name": "economics",
      "slug": "economics"
    }
  },
  {
    "model": "taggit.tag",
    "pk": 6,
    "fields": {
      "name": "europe",
      "slug": "europe"
    }
  },
  {
    "model": "taggit.tag",
    "pk": 7,
    "fields": {
      "name": "baking",
      "slug": "baking"
    }
  },
  {
    "model": "taggit.tag",
    "pk": 8,
    "fields": {
      "name": "grain",
      "slug": "grain"
    }
  },
  {
    "model": "taggit.tag",
    "pk": 9,
    "fields": {
      "name": "soda",
      "slug": "soda"
    }
  },
  {
    "model": "taggit.tag",
    "pk": 10,
    "fields": {
      "name": "sandwich",
      "slug": "sandwich"
    }
  },
  {
    "model": "taggit.tag",
    "pk": 11,
    "fields": {
      "name": "dessert",
      "slug": "dessert"
    }
  },
  {
    "model": "taggit.tag",
    "pk": 12,
    "fields": {
      "name": "pie",
      "slug": "pie"
    }
  },
  {
    "model": "taggit.tag",
    "pk": 13,
    "fields": {
      "name": "fire",
      "slug": "fire"
    }
  },
  {
    "model": "auth.group",
    "pk": 1,
    "fields": {
      "name": "Moderators",
      "permissions": [
        ["access_admin", "wagtailadmin", "admin"],
        ["add_document", "wagtaildocs", "document"],
        ["change_document", "wagtaildocs", "document"],
        ["delete_document", "wagtaildocs", "document"],
        ["add_image", "wagtailimages", "image"],
        ["change_image", "wagtailimages", "image"],
        ["delete_image", "wagtailimages", "image"]
      ]
    }
  },
  {
    "model": "auth.group",
    "pk": 2,
    "fields": {
      "name": "Editors",
      "permissions": [
        ["access_admin", "wagtailadmin", "admin"],
        ["add_document", "wagtaildocs", "document"],
        ["change_document", "wagtaildocs", "document"],
        ["delete_document", "wagtaildocs", "document"],
        ["add_image", "wagtailimages", "image"],
        ["change_image", "wagtailimages", "image"],
        ["delete_image", "wagtailimages", "image"]
      ]
    }
  },
  {
    "model": "auth.user",
    "pk": 3,
    "fields": {
      "password": "pbkdf2_sha256$30000$eIoVnauBvLhA$aPWJSlHK+F/rW7SKunxJ/RnXNQHx0uh6K/kVRyPn0XY=",
      "last_login": "2019-04-23T19:58:19.460Z",
      "is_superuser": true,
      "username": "admin",
      "first_name": "Admin",
      "last_name": "User",
      "email": "admin@example.com",
      "is_staff": true,
      "is_active": true,
      "date_joined": "2019-02-17T07:37:53.700Z",
      "groups": [],
      "user_permissions": []
    }
  },
  {
    "model": "wagtailcore.grouppagepermission",
    "pk": 1,
    "fields": {
      "group": ["Moderators"],
      "page": 1,
      "permission_type": "add"
    }
  },
  {
    "model": "wagtailcore.grouppagepermission",
    "pk": 2,
    "fields": {
      "group": ["Moderators"],
      "page": 1,
      "permission_type": "edit"
    }
  },
  {
    "model": "wagtailcore.grouppagepermission",
    "pk": 3,
    "fields": {
      "group": ["Moderators"],
      "page": 1,
      "permission_type": "publish"
    }
  },
  {
    "model": "wagtailcore.grouppagepermission",
    "pk": 4,
    "fields": {
      "group": ["Editors"],
      "page": 1,
      "permission_type": "add"
    }
  },
  {
    "model": "wagtailcore.grouppagepermission",
    "pk": 5,
    "fields": {
      "group": ["Editors"],
      "page": 1,
      "permission_type": "edit"
    }
  },
  {
    "model": "wagtailcore.grouppagepermission",
    "pk": 6,
    "fields": {
      "group": ["Moderators"],
      "page": 1,
      "permission_type": "lock"
    }
  },
  {
    "model": "wagtailcore.page",
    "pk": 1,
    "fields": {
      "path": "0001",
      "depth": 1,
      "numchild": 1,
      "title": "Root",
      "draft_title": "Root",
      "slug": "root",
      "content_type": ["wagtailcore", "page"],
      "live": true,
      "has_unpublished_changes": false,
      "url_path": "/",
      "owner": null,
      "seo_title": "",
      "show_in_menus": false,
      "search_description": "",
      "go_live_at": null,
      "expire_at": null,
      "expired": false,
      "locked": false,
      "first_published_at": null,
      "latest_revision_created_at": null
    }
  },
  {
    "model": "wagtailcore.page",
    "pk": 3,
    "fields": {
      "path": "000100020001",
      "depth": 3,
      "numchild": 11,
      "title": "Produtos",
      "draft_title": "Produtos",
      "slug": "produtos",
      "content_type": ["breads", "breadsindexpage"],
      "live": true,
      "has_unpublished_changes": false,
      "url_path": "/home/produtos/",
      "owner": null,
      "seo_title": "",
      "show_in_menus": true,
      "search_description": "",
      "go_live_at": null,
      "expire_at": null,
      "expired": false,
      "locked": false,
      "first_published_at": "2022-11-10T11:34:11.560Z",
      "latest_revision_created_at": "2022-11-22T06:54:24.677Z"
    }
  },
  {
    "model": "wagtailcore.page",
    "pk": 34,
    "fields": {
      "path": "0001000200010003",
      "depth": 4,
      "numchild": 0,
      "title": "Batata Doce",
      "draft_title": "BatataDoce",
      "slug": "batata-doce",
      "content_type": ["breads", "breadpage"],
      "live": true,
      "has_unpublished_changes": false,
      "url_path": "/home/produtos/batata-doce/",
      "owner": null,
      "seo_title": "",
      "show_in_menus": false,
      "search_description": "",
      "go_live_at": null,
      "expire_at": null,
      "expired": false,
      "locked": false,
      "first_published_at": "2019-02-10T13:00:21.882Z",
      "latest_revision_created_at": "2019-02-25T08:27:47.625Z"
    }
  },
  {
    "model": "wagtailcore.page",
    "pk": 35,
    "fields": {
      "path": "0001000200010004",
      "depth": 4,
      "numchild": 0,
      "title": "Acerola",
      "draft_title": "Acerola",
      "slug": "acerola",
      "content_type": ["breads", "breadpage"],
      "live": true,
      "has_unpublished_changes": false,
      "url_path": "/home/produtos/acerola/",
      "owner": null,
      "seo_title": "",
      "show_in_menus": false,
      "search_description": "",
      "go_live_at": null,
      "expire_at": null,
      "expired": false,
      "locked": false,
      "first_published_at": "2019-02-10T13:00:21.931Z",
      "latest_revision_created_at": "2019-02-23T08:31:07.640Z"
    }
  },
  {
    "model": "wagtailcore.page",
    "pk": 36,
    "fields": {
      "path": "0001000200010005",
      "depth": 4,
      "numchild": 0,
      "title": "Laranja",
      "draft_title": "Laranja",
      "slug": "laranja",
      "content_type": ["breads", "breadpage"],
      "live": true,
      "has_unpublished_changes": false,
      "url_path": "/home/produtos/laranja/",
      "owner": null,
      "seo_title": "",
      "show_in_menus": false,
      "search_description": "",
      "go_live_at": null,
      "expire_at": null,
      "expired": false,
      "locked": false,
      "first_published_at": "2019-02-10T13:00:21.980Z",
      "latest_revision_created_at": "2019-02-23T08:14:23.196Z"
    }
  },
  {
    "model": "wagtailcore.page",
    "pk": 37,
    "fields": {
      "path": "0001000200010006",
      "depth": 4,
      "numchild": 0,
      "title": "Banana",
      "draft_title": "Banana",
      "slug": "banana",
      "content_type": ["breads", "breadpage"],
      "live": true,
      "has_unpublished_changes": false,
      "url_path": "/home/produtos/banana/",
      "owner": null,
      "seo_title": "",
      "show_in_menus": false,
      "search_description": "",
      "go_live_at": null,
      "expire_at": null,
      "expired": false,
      "locked": false,
      "first_published_at": "2019-02-10T13:00:22.029Z",
      "latest_revision_created_at": "2019-02-23T08:10:31.068Z"
    }
  },
  {
    "model": "wagtailcore.page",
    "pk": 39,
    "fields": {
      "path": "0001000200010008",
      "depth": 4,
      "numchild": 0,
      "title": "Coentro",
      "draft_title": "Coentro",
      "slug": "coentro",
      "content_type": ["breads", "breadpage"],
      "live": true,
      "has_unpublished_changes": false,
      "url_path": "/home/produtos/coentro/",
      "owner": null,
      "seo_title": "",
      "show_in_menus": false,
      "search_description": "",
      "go_live_at": null,
      "expire_at": null,
      "expired": false,
      "locked": false,
      "first_published_at": "2019-02-10T13:00:22.127Z",
      "latest_revision_created_at": "2019-02-23T08:01:54.867Z"
    }
  },
  {
    "model": "wagtailcore.page",
    "pk": 40,
    "fields": {
      "path": "0001000200010009",
      "depth": 4,
      "numchild": 0,
      "title": "Beterraba",
      "draft_title": "Beterraba",
      "slug": "beterraba",
      "content_type": ["breads", "breadpage"],
      "live": true,
      "has_unpublished_changes": false,
      "url_path": "/home/produtos/beterraba/",
      "owner": null,
      "seo_title": "",
      "show_in_menus": false,
      "search_description": "",
      "go_live_at": null,
      "expire_at": null,
      "expired": false,
      "locked": false,
      "first_published_at": "2019-02-10T13:00:22.180Z",
      "latest_revision_created_at": "2019-02-23T08:04:51.407Z"
    }
  },
  {
    "model": "wagtailcore.page",
    "pk": 42,
    "fields": {
      "path": "000100020001000B",
      "depth": 4,
      "numchild": 0,
      "title": "Alface",
      "draft_title": "Alface",
      "slug": "alface",
      "content_type": ["breads", "breadpage"],
      "live": true,
      "has_unpublished_changes": false,
      "url_path": "/home/produtos/alface/",
      "owner": null,
      "seo_title": "",
      "show_in_menus": false,
      "search_description": "",
      "go_live_at": null,
      "expire_at": null,
      "expired": false,
      "locked": false,
      "first_published_at": "2019-02-10T13:00:22.274Z",
      "latest_revision_created_at": "2019-02-23T08:01:15.242Z"
    }
  },
  {
    "model": "wagtailcore.page",
    "pk": 49,
    "fields": {
      "path": "000100020001000I",
      "depth": 4,
      "numchild": 0,
      "title": "Cenoura",
      "draft_title": "Cenoura",
      "slug": "cenoura",
      "content_type": ["breads", "breadpage"],
      "live": true,
      "has_unpublished_changes": false,
      "url_path": "/home/produtos/cenoura/",
      "owner": null,
      "seo_title": "",
      "show_in_menus": false,
      "search_description": "",
      "go_live_at": null,
      "expire_at": null,
      "expired": false,
      "locked": false,
      "first_published_at": "2019-02-10T13:00:22.655Z",
      "latest_revision_created_at": "2019-02-23T08:28:25.337Z"
    }
  },
  {
    "model": "wagtailcore.page",
    "pk": 53,
    "fields": {
      "path": "000100020001000M",
      "depth": 4,
      "numchild": 0,
      "title": "Cebola",
      "draft_title": "Cebola",
      "slug": "cebola",
      "content_type": ["breads", "breadpage"],
      "live": true,
      "has_unpublished_changes": false,
      "url_path": "/home/produtos/cebola/",
      "owner": null,
      "seo_title": "",
      "show_in_menus": false,
      "search_description": "",
      "go_live_at": null,
      "expire_at": null,
      "expired": false,
      "locked": false,
      "first_published_at": "2019-02-10T13:00:22.866Z",
      "latest_revision_created_at": "2019-02-23T08:26:10.026Z"
    }
  },
  {
    "model": "wagtailcore.page",
    "pk": 57,
    "fields": {
      "path": "000100020001000Q",
      "depth": 4,
      "numchild": 0,
      "title": "Repolho",
      "draft_title": "Repolho",
      "slug": "repolho",
      "content_type": ["breads", "breadpage"],
      "live": true,
      "has_unpublished_changes": false,
      "url_path": "/home/produtos/repolho/",
      "owner": null,
      "seo_title": "",
      "show_in_menus": false,
      "search_description": "",
      "go_live_at": null,
      "expire_at": null,
      "expired": false,
      "locked": false,
      "first_published_at": "2019-02-10T13:00:23.065Z",
      "latest_revision_created_at": "2019-02-23T08:20:09.645Z"
    }
  },
  {
    "model": "wagtailcore.page",
    "pk": 59,
    "fields": {
      "path": "000100020001000S",
      "depth": 4,
      "numchild": 0,
      "title": "Tomate",
      "draft_title": "Tomate",
      "slug": "tomate",
      "content_type": ["breads", "breadpage"],
      "live": true,
      "has_unpublished_changes": false,
      "url_path": "/home/produtos/tomate/",
      "owner": null,
      "seo_title": "",
      "show_in_menus": false,
      "search_description": "",
      "go_live_at": null,
      "expire_at": null,
      "expired": false,
      "locked": false,
      "first_published_at": "2019-02-10T13:00:23.169Z",
      "latest_revision_created_at": "2019-02-23T08:08:39.568Z"
    }
  },
  {
    "model": "wagtailcore.page",
    "pk": 60,
    "fields": {
      "path": "00010002",
      "depth": 2,
      "numchild": 6,
      "title": "Bem vindo ao Portal da Agricultura Urbana e Periurbana!",
      "draft_title": "Bem vindo ao Portal da Agricultura Urbana e Periurbana!",
      "slug": "home",
      "content_type": ["base", "homepage"],
      "live": true,
      "has_unpublished_changes": false,
      "url_path": "/home/",
      "owner": null,
      "seo_title": "Home",
      "show_in_menus": false,
      "search_description": "",
      "go_live_at": null,
      "expire_at": null,
      "expired": false,
      "locked": false,
      "first_published_at": "2022-11-10T16:24:31.388Z",
      "latest_revision_created_at": "2022-11-29T18:24:51.618Z"
    }
  },
  {
    "model": "wagtailcore.page",
    "pk": 61,
    "fields": {
      "path": "000100020004",
      "depth": 3,
      "numchild": 6,
      "title": "Blog",
      "draft_title": "Blog",
      "slug": "blog",
      "content_type": ["blog", "blogindexpage"],
      "live": true,
      "has_unpublished_changes": false,
      "url_path": "/home/blog/",
      "owner": null,
      "seo_title": "Wagtail Bakeries Blog",
      "show_in_menus": true,
      "search_description": "",
      "go_live_at": null,
      "expire_at": null,
      "expired": false,
      "locked": false,
      "first_published_at": "2019-02-10T16:25:47.179Z",
      "latest_revision_created_at": "2019-04-23T20:04:30.432Z"
    }
  },
  {
    "model": "wagtailcore.page",
    "pk": 62,
    "fields": {
      "path": "0001000200040001",
      "depth": 4,
      "numchild": 0,
      "title": "Tracking Wild Yeast",
      "draft_title": "Tracking Wild Yeast",
      "slug": "wild-yeast",
      "content_type": ["blog", "blogpage"],
      "live": true,
      "has_unpublished_changes": true,
      "url_path": "/home/blog/wild-yeast/",
      "owner": null,
      "seo_title": "",
      "show_in_menus": false,
      "search_description": "",
      "go_live_at": null,
      "expire_at": null,
      "expired": false,
      "locked": false,
      "first_published_at": "2019-02-10T16:26:58.040Z",
      "latest_revision_created_at": "2019-04-01T07:35:45.288Z"
    }
  },
  {
    "model": "wagtailcore.page",
    "pk": 63,
    "fields": {
      "path": "000100020003",
      "depth": 3,
      "numchild": 6,
      "title": "Locais",
      "draft_title": "Locais",
      "slug": "locations",
      "content_type": ["locations", "locationsindexpage"],
      "live": true,
      "has_unpublished_changes": false,
      "url_path": "/home/locations/",
      "owner": null,
      "seo_title": "",
      "show_in_menus": true,
      "search_description": "",
      "go_live_at": null,
      "expire_at": null,
      "expired": false,
      "locked": false,
      "first_published_at": "2019-02-10T16:39:04.527Z",
      "latest_revision_created_at": "2019-03-06T02:26:16.335Z"
    }
  },
  {
    "model": "wagtailcore.page",
    "pk": 64,
    "fields": {
      "path": "0001000200030001",
      "depth": 4,
      "numchild": 0,
      "title": "Paulista",
      "draft_title": "Paulista",
      "slug": "paulista",
      "content_type": ["locations", "locationpage"],
      "live": true,
      "has_unpublished_changes": false,
      "url_path": "/home/locations/paulista/",
      "owner": null,
      "seo_title": "",
      "show_in_menus": false,
      "search_description": "",
      "go_live_at": null,
      "expire_at": null,
      "expired": false,
      "locked": false,
      "first_published_at": "2019-02-10T16:39:55.909Z",
      "latest_revision_created_at": "2019-03-29T17:50:19.047Z"
    }
  },
  {
    "model": "wagtailcore.page",
    "pk": 65,
    "fields": {
      "path": "0001000200030002",
      "depth": 4,
      "numchild": 0,
      "title": "Arcoverde",
      "draft_title": "Arcoverde",
      "slug": "arcoverde",
      "content_type": ["locations", "locationpage"],
      "live": true,
      "has_unpublished_changes": false,
      "url_path": "/home/locations/arcoverde/",
      "owner": null,
      "seo_title": "",
      "show_in_menus": false,
      "search_description": "",
      "go_live_at": null,
      "expire_at": null,
      "expired": false,
      "locked": false,
      "first_published_at": "2019-02-11T23:10:22.386Z",
      "latest_revision_created_at": "2019-03-29T17:33:10.041Z"
    }
  },
  {
    "model": "wagtailcore.page",
    "pk": 66,
    "fields": {
      "path": "0001000200030003",
      "depth": 4,
      "numchild": 0,
      "title": "Petrolina",
      "draft_title": "Petrolina",
      "slug": "petrolina",
      "content_type": ["locations", "locationpage"],
      "live": true,
      "has_unpublished_changes": false,
      "url_path": "/home/locations/petrolina/",
      "owner": null,
      "seo_title": "",
      "show_in_menus": false,
      "search_description": "",
      "go_live_at": null,
      "expire_at": null,
      "expired": false,
      "locked": false,
      "first_published_at": "2019-02-11T23:13:20.488Z",
      "latest_revision_created_at": "2019-03-29T18:03:09.098Z"
    }
  },
  {
    "model": "wagtailcore.page",
    "pk": 67,
    "fields": {
      "path": "0001000200030004",
      "depth": 4,
      "numchild": 0,
      "title": "Garanhuns",
      "draft_title": "Garanhuns",
      "slug": "garanhuns",
      "content_type": ["locations", "locationpage"],
      "live": true,
      "has_unpublished_changes": false,
      "url_path": "/home/locations/garanhuns/",
      "owner": null,
      "seo_title": "",
      "show_in_menus": false,
      "search_description": "",
      "go_live_at": null,
      "expire_at": null,
      "expired": false,
      "locked": false,
      "first_published_at": "2019-02-11T23:15:58.149Z",
      "latest_revision_created_at": "2019-03-29T17:29:33.457Z"
    }
  },
  {
    "model": "wagtailcore.page",
    "pk": 68,
    "fields": {
      "path": "0001000200040002",
      "depth": 4,
      "numchild": 0,
      "title": "Bread and Circuses",
      "draft_title": "Bread and Circuses",
      "slug": "bread-circuses",
      "content_type": ["blog", "blogpage"],
      "live": true,
      "has_unpublished_changes": false,
      "url_path": "/home/blog/bread-circuses/",
      "owner": null,
      "seo_title": "",
      "show_in_menus": false,
      "search_description": "",
      "go_live_at": null,
      "expire_at": null,
      "expired": false,
      "locked": false,
      "first_published_at": "2019-02-15T07:42:52.978Z",
      "latest_revision_created_at": "2019-03-29T06:19:57.009Z"
    }
  },
  {
    "model": "wagtailcore.page",
    "pk": 69,
    "fields": {
      "path": "000100020006",
      "depth": 3,
      "numchild": 0,
      "title": "Contato",
      "draft_title": "Contato",
      "slug": "contact",
      "content_type": ["base", "formpage"],
      "live": true,
      "has_unpublished_changes": false,
      "url_path": "/home/contact/",
      "owner": null,
      "seo_title": "",
      "show_in_menus": true,
      "search_description": "",
      "go_live_at": null,
      "expire_at": null,
      "expired": false,
      "locked": false,
      "first_published_at": "2022-11-15T16:55:56.085Z",
      "latest_revision_created_at": "2022-11-15T17:08:05.684Z"
    }
  },
  {
    "model": "wagtailcore.page",
    "pk": 70,
    "fields": {
      "path": "000100020005",
      "depth": 3,
      "numchild": 0,
      "title": "Galeria",
      "draft_title": "Galeria",
      "slug": "gallery",
      "content_type": ["base", "gallerypage"],
      "live": true,
      "has_unpublished_changes": false,
      "url_path": "/home/gallery/",
      "owner": ["admin"],
      "seo_title": "",
      "show_in_menus": true,
      "search_description": "",
      "go_live_at": null,
      "expire_at": null,
      "expired": false,
      "locked": false,
      "first_published_at": "2019-02-17T07:51:47.230Z",
      "latest_revision_created_at": "2019-02-22T07:57:12.151Z"
    }
  },
  {
    "model": "wagtailcore.page",
    "pk": 72,
    "fields": {
      "path": "0001000200040003",
      "depth": 4,
      "numchild": 0,
      "title": "The Great Icelandic Baking Show",
      "draft_title": "The Great Icelandic Baking Show",
      "slug": "icelandic-baking",
      "content_type": ["blog", "blogpage"],
      "live": true,
      "has_unpublished_changes": false,
      "url_path": "/home/blog/icelandic-baking/",
      "owner": ["admin"],
      "seo_title": "",
      "show_in_menus": false,
      "search_description": "",
      "go_live_at": null,
      "expire_at": null,
      "expired": false,
      "locked": false,
      "first_published_at": "2019-02-21T08:07:11.832Z",
      "latest_revision_created_at": "2019-03-29T06:52:34.448Z"
    }
  },
  {
    "model": "wagtailcore.page",
    "pk": 73,
    "fields": {
      "path": "0001000200040004",
      "depth": 4,
      "numchild": 0,
      "title": "The Joy of (Baking) Soda",
      "draft_title": "The Joy of (Baking) Soda",
      "slug": "joy-baking-soda",
      "content_type": ["blog", "blogpage"],
      "live": true,
      "has_unpublished_changes": false,
      "url_path": "/home/blog/joy-baking-soda/",
      "owner": ["admin"],
      "seo_title": "",
      "show_in_menus": false,
      "search_description": "",
      "go_live_at": null,
      "expire_at": null,
      "expired": false,
      "locked": false,
      "first_published_at": "2019-02-21T08:12:04.176Z",
      "latest_revision_created_at": "2019-03-29T06:58:56.151Z"
    }
  },
  {
    "model": "wagtailcore.page",
    "pk": 74,
    "fields": {
      "path": "0001000200040005",
      "depth": 4,
      "numchild": 0,
      "title": "The Greatest Thing Since Sliced Bread",
      "draft_title": "The Greatest Thing Since Sliced Bread",
      "slug": "sliced-bread",
      "content_type": ["blog", "blogpage"],
      "live": true,
      "has_unpublished_changes": true,
      "url_path": "/home/blog/sliced-bread/",
      "owner": ["admin"],
      "seo_title": "",
      "show_in_menus": false,
      "search_description": "",
      "go_live_at": null,
      "expire_at": null,
      "expired": false,
      "locked": false,
      "first_published_at": "2019-02-21T08:17:21.604Z",
      "latest_revision_created_at": "2019-04-01T07:35:26.199Z"
    }
  },
  {
    "model": "wagtailcore.page",
    "pk": 76,
    "fields": {
      "path": "000100020007",
      "depth": 3,
      "numchild": 0,
      "title": "Sobre",
      "draft_title": "Sobre",
      "slug": "about",
      "content_type": ["base", "standardpage"],
      "live": true,
      "has_unpublished_changes": false,
      "url_path": "/home/about/",
      "owner": ["admin"],
      "seo_title": "",
      "show_in_menus": true,
      "search_description": "",
      "go_live_at": null,
      "expire_at": null,
      "expired": false,
      "locked": false,
      "first_published_at": "2022-11-17T07:03:16.637Z",
      "latest_revision_created_at": "2022-11-17T07:47:50.894Z"
    }
  },
  {
    "model": "wagtailcore.page",
    "pk": 77,
    "fields": {
      "path": "0001000200040006",
      "depth": 4,
      "numchild": 0,
      "title": "Desserts with Benefits",
      "draft_title": "Desserts with Benefits",
      "slug": "desserts-benefits",
      "content_type": ["blog", "blogpage"],
      "live": true,
      "has_unpublished_changes": false,
      "url_path": "/home/blog/desserts-benefits/",
      "owner": ["admin"],
      "seo_title": "",
      "show_in_menus": false,
      "search_description": "",
      "go_live_at": null,
      "expire_at": null,
      "expired": false,
      "locked": false,
      "first_published_at": "2019-03-22T06:31:05.324Z",
      "latest_revision_created_at": "2019-04-23T20:03:47.050Z"
    }
  },
  {
    "model": "wagtailcore.page",
    "pk": 78,
    "fields": {
      "path": "0001000200030005",
      "depth": 4,
      "numchild": 0,
      "title": "Escada",
      "draft_title": "Escada",
      "slug": "escada",
      "content_type": ["locations", "locationpage"],
      "live": true,
      "has_unpublished_changes": false,
      "url_path": "/home/locations/escada/",
      "owner": ["admin"],
      "seo_title": "",
      "show_in_menus": false,
      "search_description": "",
      "go_live_at": null,
      "expire_at": null,
      "expired": false,
      "locked": false,
      "first_published_at": "2019-02-11T23:10:22.386Z",
      "latest_revision_created_at": "2019-03-29T18:05:47.930Z"
    }
  },
  {
    "model": "wagtailcore.page",
    "pk": 79,
    "fields": {
      "path": "0001000200030006",
      "depth": 4,
      "numchild": 0,
      "title": "Caruaru",
      "draft_title": "Caruaru",
      "slug": "caruaru",
      "content_type": ["locations", "locationpage"],
      "live": true,
      "has_unpublished_changes": false,
      "url_path": "/home/locations/caruaru/",
      "owner": ["admin"],
      "seo_title": "",
      "show_in_menus": false,
      "search_description": "",
      "go_live_at": null,
      "expire_at": null,
      "expired": false,
      "locked": false,
      "first_published_at": "2019-02-11T23:10:22.386Z",
      "latest_revision_created_at": "2019-03-29T18:09:44.290Z"
    }
  },
  {
    "model": "wagtailimages.image",
    "pk": 8,
    "fields": {
      "collection": 3,
      "title": "Roberta Johnson",
      "file": "original_images/roberta_johnson.jpeg",
      "width": 300,
      "height": 282,
      "created_at": "2019-02-17T07:43:46.304Z",
      "uploaded_by_user": ["admin"],
      "focal_point_x": null,
      "focal_point_y": null,
      "focal_point_width": null,
      "focal_point_height": null,
      "file_size": 17829
    }
  },
  {
    "model": "wagtailimages.image",
    "pk": 9,
    "fields": {
      "collection": 2,
      "title": "Breads 1",
      "file": "original_images/breads1.jpg",
      "width": 1080,
      "height": 831,
      "created_at": "2019-02-17T08:10:34.237Z",
      "uploaded_by_user": ["admin"],
      "focal_point_x": null,
      "focal_point_y": null,
      "focal_point_width": null,
      "focal_point_height": null,
      "file_size": 173675
    }
  },
  {
    "model": "wagtailimages.image",
    "pk": 10,
    "fields": {
      "collection": 2,
      "title": "Breads 2",
      "file": "original_images/breads2.jpg",
      "width": 1080,
      "height": 1151,
      "created_at": "2019-02-17T08:10:34.344Z",
      "uploaded_by_user": ["admin"],
      "focal_point_x": null,
      "focal_point_y": null,
      "focal_point_width": null,
      "focal_point_height": null,
      "file_size": 506419
    }
  },
  {
    "model": "wagtailimages.image",
    "pk": 11,
    "fields": {
      "collection": 2,
      "title": "Breads 3",
      "file": "original_images/breads3.jpg",
      "width": 1080,
      "height": 1080,
      "created_at": "2019-02-17T08:10:34.580Z",
      "uploaded_by_user": ["admin"],
      "focal_point_x": null,
      "focal_point_y": null,
      "focal_point_width": null,
      "focal_point_height": null,
      "file_size": 166505
    }
  },
  {
    "model": "wagtailimages.image",
    "pk": 12,
    "fields": {
      "collection": 2,
      "title": "Breads 4",
      "file": "original_images/breads4.jpg",
      "width": 1080,
      "height": 1240,
      "created_at": "2019-02-17T08:10:34.723Z",
      "uploaded_by_user": ["admin"],
      "focal_point_x": null,
      "focal_point_y": null,
      "focal_point_width": null,
      "focal_point_height": null,
      "file_size": 174743
    }
  },
  {
    "model": "wagtailimages.image",
    "pk": 14,
    "fields": {
      "collection": 2,
      "title": "Breads 5",
      "file": "original_images/bread5.jpg",
      "width": 800,
      "height": 600,
      "created_at": "2019-02-19T08:08:37.723Z",
      "uploaded_by_user": ["admin"],
      "focal_point_x": null,
      "focal_point_y": null,
      "focal_point_width": null,
      "focal_point_height": null,
      "file_size": 127107
    }
  },
  {
    "model": "wagtailimages.image",
    "pk": 15,
    "fields": {
      "collection": 2,
      "title": "Breads 6",
      "file": "original_images/bread6.jpg",
      "width": 1008,
      "height": 756,
      "created_at": "2019-02-19T08:08:38.028Z",
      "uploaded_by_user": ["admin"],
      "focal_point_x": null,
      "focal_point_y": null,
      "focal_point_width": null,
      "focal_point_height": null,
      "file_size": 247052
    }
  },
  {
    "model": "wagtailimages.image",
    "pk": 21,
    "fields": {
      "collection": 2,
      "title": "Yeast",
      "file": "original_images/yeast.jpg",
      "width": 1024,
      "height": 682,
      "created_at": "2019-02-21T07:50:10.793Z",
      "uploaded_by_user": ["admin"],
      "focal_point_x": null,
      "focal_point_y": null,
      "focal_point_width": null,
      "focal_point_height": null,
      "file_size": 122348
    }
  },
  {
    "model": "wagtailimages.image",
    "pk": 22,
    "fields": {
      "collection": 2,
      "title": "Bedouins",
      "file": "original_images/Bedouins_making_bread.jpg",
      "width": 1000,
      "height": 669,
      "created_at": "2019-02-21T07:59:50.671Z",
      "uploaded_by_user": ["admin"],
      "focal_point_x": null,
      "focal_point_y": null,
      "focal_point_width": null,
      "focal_point_height": null,
      "file_size": 408107
    }
  },
  {
    "model": "wagtailimages.image",
    "pk": 23,
    "fields": {
      "collection": 2,
      "title": "\u00d8landshvedebr\u00f8d",
      "file": "original_images/Olandshvedebrod_6082070226.jpg",
      "width": 1000,
      "height": 664,
      "created_at": "2019-02-21T08:05:08.529Z",
      "uploaded_by_user": ["admin"],
      "focal_point_x": null,
      "focal_point_y": null,
      "focal_point_width": null,
      "focal_point_height": null,
      "file_size": 137708
    }
  },
  {
    "model": "wagtailimages.image",
    "pk": 24,
    "fields": {
      "collection": 2,
      "title": "Soda Bread",
      "file": "original_images/soda_bread.jpg",
      "width": 733,
      "height": 481,
      "created_at": "2019-02-21T08:10:30.772Z",
      "uploaded_by_user": ["admin"],
      "focal_point_x": null,
      "focal_point_y": null,
      "focal_point_width": null,
      "focal_point_height": null,
      "file_size": 73964
    }
  },
  {
    "model": "wagtailimages.image",
    "pk": 25,
    "fields": {
      "collection": 2,
      "title": "Sandwich Bread",
      "file": "original_images/sliced.jpg",
      "width": 1024,
      "height": 677,
      "created_at": "2019-02-21T08:15:16.080Z",
      "uploaded_by_user": ["admin"],
      "focal_point_x": null,
      "focal_point_y": null,
      "focal_point_width": null,
      "focal_point_height": null,
      "file_size": 297826
    }
  },
  {
    "model": "wagtailimages.image",
    "pk": 26,
    "fields": {
      "collection": 4,
      "title": "Batata Doce",
      "file": "original_images/batatadoce.jpg",
      "width": 1200,
      "height": 675,
      "created_at": "2019-02-23T07:48:33.730Z",
      "uploaded_by_user": ["admin"],
      "focal_point_x": null,
      "focal_point_y": null,
      "focal_point_width": null,
      "focal_point_height": null,
      "file_size": 213282
    }
  },
  {
    "model": "wagtailimages.image",
    "pk": 28,
    "fields": {
      "collection": 4,
      "title": "Laranja",
      "file": "original_images/laranja.jpg",
      "width": 1200,
      "height": 675,
      "created_at": "2019-02-23T07:48:34.056Z",
      "uploaded_by_user": ["admin"],
      "focal_point_x": null,
      "focal_point_y": null,
      "focal_point_width": null,
      "focal_point_height": null,
      "file_size": 192726
    }
  },
  {
    "model": "wagtailimages.image",
    "pk": 29,
    "fields": {
      "collection": 4,
      "title": "Banana",
      "file": "original_images/banana.jpg",
      "width": 820,
      "height": 461,
      "created_at": "2019-02-23T07:48:34.189Z",
      "uploaded_by_user": ["admin"],
      "focal_point_x": null,
      "focal_point_y": null,
      "focal_point_width": null,
      "focal_point_height": null,
      "file_size": 75590
    }
  },
  {
    "model": "wagtailimages.image",
    "pk": 30,
    "fields": {
      "collection": 4,
      "title": "Coentro",
      "file": "original_images/coentro.jpg",
      "width": 1920,
      "height": 1209,
      "created_at": "2019-02-23T07:48:34.296Z",
      "uploaded_by_user": ["admin"],
      "focal_point_x": null,
      "focal_point_y": null,
      "focal_point_width": null,
      "focal_point_height": null,
      "file_size": 574693
    }
  },
  {
    "model": "wagtailimages.image",
    "pk": 31,
    "fields": {
      "collection": 4,
      "title": "Beterraba",
      "file": "original_images/beterraba.jpg",
      "width": 2500,
      "height": 1667,
      "created_at": "2019-02-23T07:48:34.417Z",
      "uploaded_by_user": ["admin"],
      "focal_point_x": null,
      "focal_point_y": null,
      "focal_point_width": null,
      "focal_point_height": null,
      "file_size": 699040
    }
  },
  {
    "model": "wagtailimages.image",
    "pk": 32,
    "fields": {
      "collection": 4,
      "title": "Alface",
      "file": "original_images/Alface.jpg",
      "width": 1024,
      "height": 768,
      "created_at": "2019-02-23T07:48:34.498Z",
      "uploaded_by_user": ["admin"],
      "focal_point_x": null,
      "focal_point_y": null,
      "focal_point_width": null,
      "focal_point_height": null,
      "file_size": 704138
    }
  },
  {
    "model": "wagtailimages.image",
    "pk": 33,
    "fields": {
      "collection": 4,
      "title": "Cenoura",
      "file": "original_images/cenoura.jpg",
      "width": 1060,
      "height": 675,
      "created_at": "2019-02-23T07:48:34.571Z",
      "uploaded_by_user": ["admin"],
      "focal_point_x": null,
      "focal_point_y": null,
      "focal_point_width": null,
      "focal_point_height": null,
      "file_size": 249575
    }
  },
  {
    "model": "wagtailimages.image",
    "pk": 34,
    "fields": {
      "collection": 4,
      "title": "Acerola",
      "file": "original_images/acerola.jpg",
      "width": 1920,
      "height": 1280,
      "created_at": "2019-02-23T07:48:34.650Z",
      "uploaded_by_user": ["admin"],
      "focal_point_x": null,
      "focal_point_y": null,
      "focal_point_width": null,
      "focal_point_height": null,
      "file_size": 435536
    }
  },
  {
    "model": "wagtailimages.image",
    "pk": 35,
    "fields": {
      "collection": 4,
      "title": "Belgian Waffle",
      "file": "original_images/Belgische_waffeln.jpg",
      "width": 1200,
      "height": 910,
      "created_at": "2019-02-23T07:48:34.735Z",
      "uploaded_by_user": ["admin"],
      "focal_point_x": null,
      "focal_point_y": null,
      "focal_point_width": null,
      "focal_point_height": null,
      "file_size": 151259
    }
  },
  {
    "model": "wagtailimages.image",
    "pk": 36,
    "fields": {
      "collection": 4,
      "title": "Tomate",
      "file": "original_images/tomate.jpg",
      "width": 772,
      "height": 516,
      "created_at": "2019-02-23T07:48:34.809Z",
      "uploaded_by_user": ["admin"],
      "focal_point_x": null,
      "focal_point_y": null,
      "focal_point_width": null,
      "focal_point_height": null,
      "file_size": 125405
    }
  },
  {
    "model": "wagtailimages.image",
    "pk": 37,
    "fields": {
      "collection": 4,
      "title": "Misc Breads",
      "file": "original_images/Breads_1.jpg",
      "width": 1200,
      "height": 796,
      "created_at": "2019-02-23T07:48:34.909Z",
      "uploaded_by_user": ["admin"],
      "focal_point_x": null,
      "focal_point_y": null,
      "focal_point_width": null,
      "focal_point_height": null,
      "file_size": 167917
    }
  },
  {
    "model": "wagtailimages.image",
    "pk": 39,
    "fields": {
      "collection": 4,
      "title": "Rye Bread",
      "file": "original_images/repolho.jpg",
      "width": 1000,
      "height": 667,
      "created_at": "2019-02-23T08:18:10.895Z",
      "uploaded_by_user": ["admin"],
      "focal_point_x": null,
      "focal_point_y": null,
      "focal_point_width": null,
      "focal_point_height": null,
      "file_size": 110878
    }
  },
  {
    "model": "wagtailimages.image",
    "pk": 40,
    "fields": {
      "collection": 4,
      "title": "Cebola",
      "file": "original_images/cebola.jpg",
      "width": 1280,
      "height": 853,
      "created_at": "2019-02-23T08:25:03.822Z",
      "uploaded_by_user": ["admin"],
      "focal_point_x": null,
      "focal_point_y": null,
      "focal_point_width": null,
      "focal_point_height": null,
      "file_size": 239241
    }
  },
  {
    "model": "wagtailimages.image",
    "pk": 41,
    "fields": {
      "collection": 3,
      "title": "Sprint Crew",
      "file": "original_images/ipa.jpg",
      "width": 1280,
      "height": 721,
      "created_at": "2019-02-24T08:01:50.590Z",
      "uploaded_by_user": ["admin"],
      "focal_point_x": null,
      "focal_point_y": null,
      "focal_point_width": null,
      "focal_point_height": null,
      "file_size": 1464527
    }
  },
  {
    "model": "wagtailimages.image",
    "pk": 42,
    "fields": {
      "collection": 3,
      "title": "Baking Soda",
      "file": "original_images/bakingsoda.jpg",
      "width": 1024,
      "height": 678,
      "created_at": "2019-03-22T06:13:09.773Z",
      "uploaded_by_user": ["admin"],
      "focal_point_x": null,
      "focal_point_y": null,
      "focal_point_width": null,
      "focal_point_height": null,
      "file_size": 87095
    }
  },
  {
    "model": "wagtailimages.image",
    "pk": 43,
    "fields": {
      "collection": 3,
      "title": "Boston Cream Pie",
      "file": "original_images/bostoncream.jpg",
      "width": 1024,
      "height": 683,
      "created_at": "2019-03-22T06:29:18.751Z",
      "uploaded_by_user": ["admin"],
      "focal_point_x": null,
      "focal_point_y": null,
      "focal_point_width": null,
      "focal_point_height": null,
      "file_size": 117057
    }
  },
  {
    "model": "wagtailimages.image",
    "pk": 44,
    "fields": {
      "collection": 1,
      "title": "Garanhuns",
      "file": "original_images/garanhuns.jpg",
      "width": 1400,
      "height": 932,
      "created_at": "2019-03-29T17:27:55.769Z",
      "uploaded_by_user": ["admin"],
      "focal_point_x": null,
      "focal_point_y": null,
      "focal_point_width": null,
      "focal_point_height": null,
      "file_size": 244484
    }
  },
  {
    "model": "wagtailimages.image",
    "pk": 45,
    "fields": {
      "collection": 1,
      "title": "Arcoverde",
      "file": "original_images/Arcoverde.jpg",
      "width": 992,
      "height": 971,
      "created_at": "2019-03-29T17:31:36.429Z",
      "uploaded_by_user": ["admin"],
      "focal_point_x": null,
      "focal_point_y": null,
      "focal_point_width": null,
      "focal_point_height": null,
      "file_size": 1606715
    }
  },
  {
    "model": "wagtailimages.image",
    "pk": 46,
    "fields": {
      "collection": 1,
      "title": "Paulista",
      "file": "original_images/paulista.jpg",
      "width": 1200,
      "height": 948,
      "created_at": "2019-03-29T17:46:14.914Z",
      "uploaded_by_user": ["admin"],
      "focal_point_x": 518,
      "focal_point_y": 248,
      "focal_point_width": 1031,
      "focal_point_height": 496,
      "file_size": 353267
    }
  },
  {
    "model": "wagtailimages.image",
    "pk": 47,
    "fields": {
      "collection": 1,
      "title": "Petrolina",
      "file": "original_images/petrolina.jpg",
      "width": 1400,
      "height": 981,
      "created_at": "2019-03-29T18:00:33.977Z",
      "uploaded_by_user": ["admin"],
      "focal_point_x": null,
      "focal_point_y": null,
      "focal_point_width": null,
      "focal_point_height": null,
      "file_size": 129983
    }
  },
  {
    "model": "wagtailimages.image",
    "pk": 48,
    "fields": {
      "collection": 1,
      "title": "Escada",
      "file": "original_images/escada.jpg",
      "width": 1200,
      "height": 800,
      "created_at": "2019-03-29T18:04:27.068Z",
      "uploaded_by_user": ["admin"],
      "focal_point_x": null,
      "focal_point_y": null,
      "focal_point_width": null,
      "focal_point_height": null,
      "file_size": 606644
    }
  },
  {
    "model": "wagtailimages.image",
    "pk": 49,
    "fields": {
      "collection": 1,
      "title": "Caruaru",
      "file": "original_images/caruaru.jpg",
      "width": 1200,
      "height": 800,
      "created_at": "2019-03-29T18:08:27.770Z",
      "uploaded_by_user": ["admin"],
      "focal_point_x": 578,
      "focal_point_y": 476,
      "focal_point_width": 1031,
      "focal_point_height": 537,
      "file_size": 327386
    }
  },
  {
    "model": "wagtailimages.image",
    "pk": 51,
    "fields": {
      "collection": 3,
      "title": "Muddy Waters",
      "file": "original_images/muddy_waters_hUPkmSW.jpg",
      "width": 611,
      "height": 672,
      "created_at": "2019-03-31T06:36:23.486Z",
      "uploaded_by_user": ["admin"],
      "focal_point_x": null,
      "focal_point_y": null,
      "focal_point_width": null,
      "focal_point_height": null,
      "file_size": 189650
    }
  },
  {
    "model": "wagtailimages.image",
    "pk": 52,
    "fields": {
      "collection": 3,
      "title": "Olivia Ava",
      "file": "original_images/olivia_ava.jpeg",
      "width": 300,
      "height": 294,
      "created_at": "2019-04-01T07:30:10.713Z",
      "uploaded_by_user": ["admin"],
      "focal_point_x": null,
      "focal_point_y": null,
      "focal_point_width": null,
      "focal_point_height": null,
      "file_size": 46112
    }
  },
  {
    "model": "wagtailimages.image",
    "pk": 53,
    "fields": {
      "collection": 3,
      "title": "Lightnin' Hopkins",
      "file": "original_images/lightnin_hopkins.jpg",
      "width": 150,
      "height": 162,
      "created_at": "2019-04-01T07:31:21.251Z",
      "uploaded_by_user": ["admin"],
      "focal_point_x": null,
      "focal_point_y": null,
      "focal_point_width": null,
      "focal_point_height": null,
      "file_size": 18521
    }
  },
  {
    "model": "wagtailimages.image",
    "pk": 54,
    "fields": {
      "collection": 3,
      "title": "Agricultura Urbana e Periurbana (google images)",
      "file": "original_images/aup_home.jpg",
      "width": 8636,
      "height": 7045,
      "created_at": "2022-11-01T07:31:21.251Z",
      "uploaded_by_user": ["admin"],
      "focal_point_x": null,
      "focal_point_y": null,
      "focal_point_width": null,
      "focal_point_height": null,
      "file_size": 3940780
    }
  },
  {
    "model": "wagtailimages.image",
    "pk": 55,
    "fields": {
      "collection": 3,
      "title": "Agricultura Urbana e Periurbana 2 (google images)",
      "file": "original_images/aup_home2.jpg",
      "width": 2592,
      "height": 1944,
      "created_at": "2022-11-01T07:31:21.251Z",
      "uploaded_by_user": ["admin"],
      "focal_point_x": null,
      "focal_point_y": null,
      "focal_point_width": null,
      "focal_point_height": null,
      "file_size": 2312129
    }
  },  
  {
    "model": "wagtailimages.image",
    "pk": 56,
    "fields": {
      "collection": 3,
      "title": "Agricultura Urbana e Periurbana 3 (google images)",
      "file": "original_images/aup_home3.jpg",
      "width": 2564,
      "height": 2372,
      "created_at": "2022-11-01T07:31:21.251Z",
      "uploaded_by_user": ["admin"],
      "focal_point_x": null,
      "focal_point_y": null,
      "focal_point_width": null,
      "focal_point_height": null,
      "file_size": 1264963
    }
  },
    
  {
    "model": "locations.locationpage",
    "pk": 64,
    "fields": {
      "introduction": "Paulista é um município brasileiro do estado de Pernambuco. Localiza-se no litoral norte pernambucano, sendo pertencente à Mesorregião Metropolitana do Recife e à Microrregião do Recife, distando 18 quilômetros da capital do estado. Ocupa uma área de 102,3 km², tendo 16,9786 km² desse total no seu perímetro urbano e 85,4 km² formando a zona rural do município.",
      "image": 46,
      "body": "[{\"type\": \"paragraph_block\", \"value\": \"<p data-block-key=\\\"v3nuh\\\"><br/>Nos dias atuais, o munic\\u00edpio de Paulista se destaca por ser um p\\u00f3lo diversificado de presta\\u00e7\\u00e3o de servi\\u00e7os e ind\\u00fastria t\\u00eaxtil e qu\\u00edmica, sendo a sede do grupo Ind\\u00fastrias Reunidas Raymundo da Fonte. Na \\u00e1rea da educa\\u00e7\\u00e3o, o munic\\u00edpio possui duas importantes institui\\u00e7\\u00f5es de ensino superior: a Faculdade Joaquim Nabuco e a Faculdade de Sa\\u00fade de Paulista, al\\u00e9m de institui\\u00e7\\u00f5es de ensino t\\u00e9cnico, como o Escola T\\u00e9cnica Senai e o SENAC. Com 14\\u00a0km de faixa litor\\u00e2nea e uma das maiores reservas florestais do estado, as praias e o turismo ecol\\u00f3gico s\\u00e3o os principais movimentadores do setor de turismo na cidade. A cidade ainda abrange em seu territ\\u00f3rio o Veneza Water Park, um dos maiores parques aqu\\u00e1ticos do Brasil.</p>\", \"id\": \"c90fd179-7d95-42fa-8239-93b3ce14159e\"}]",
      "address": "Paulista,\r\nPernambuco,\r\nBrasil.",
      "lat_long": "63.9095213,-16.7093877",
      "email": "contato@paulista.com.br",
      "phone": "(81)9999-9999"
    }
  },
  {
    "model": "locations.locationpage",
    "pk": 65,
    "fields": {
      "introduction": "Arcoverde é um município brasileiro do estado de Pernambuco, Região Nordeste do país. É integrante da Mesorregião do Sertão Pernambucano e pertence à Microrregião do Sertão do Moxotó. Situa-se a oeste do Recife, capital estadual, distante desta 256 km. Ocupa uma área de 350,899 km².",
      "image": 45,
      "body": "[{\"type\": \"paragraph_block\", \"value\": \"<p data-block-key=\\\"w3rho\\\"><br/></p><p data-block-key=\\\"vjmjh\\\">Segundo o Instituto Brasileiro de Geografia e Estat\\u00edstica, o munic\\u00edpio possui uma \\u00e1rea territorial de 350\\u00a0899\\u00a0km\\u00b2, tendo 6,1\\u00a0km\\u00b2 de per\\u00edmetro urbano. e os 344\\u00a0799\\u00a0km\\u00b2 restantes, de zona rural, possuindo o 45\\u00ba maior per\\u00edmetro urbano do Nordeste. Localiza-se a uma latitude 08\\u00ba25&#x27;08&quot; sul e a uma longitude 37\\u00ba03&#x27;14&quot; oeste, estando a uma dist\\u00e2ncia de 256\\u00a0km da capital pernambucana.Tem como munic\\u00edpios lim\\u00edtrofes: Sert\\u00e2nia, a oeste; Bu\\u00edque e Pedra a sul; Pesqueira a leste; faz divisa ao norte com o estado da Para\\u00edba.</p>\", \"id\": \"ab7ad953-a9c3-41ce-a8f5-692092ecf054\"}]",
      "address": "Arcoverde,\r\nPaulista,\r\nBrasil",
      "lat_long": "64.144018, -21.950953",
      "email": "contato@arcoverde.com.br",
      "phone": "(87)1111-1111"
    }
  },
  {
    "model": "locations.locationpage",
    "pk": 66,
    "fields": {
      "introduction": "Petrolina é um município brasileiro do interior do estado de Pernambuco, distante 712 km a oeste de Recife, capital estadual. Possui uma extensão territorial de 4 561,872 km², estando 244,8 km² em perímetro urbano e os 4 317,072 km² restantes integrando a zona rural.",
      "image": 47,
      "body": "[{\"type\": \"paragraph_block\", \"value\": \"<p data-block-key=\\\"09jen\\\"><br/>De acordo com o levantamento feito pelo Instituto Brasileiro de Geografia e Estat\\u00edstica (IBGE), o Produto Interno Bruto (PIB) de Petrolina \\u00e9 o 174\\u00b0 maior do Brasil e o 6\\u00b0 maior de Pernambuco. Ainda de acordo com as Contas Regionais de 2012, o valor bruto do seu PIB era de R$ 3 786 065 bilh\\u00f5es, sendo R$ 377 478 milh\\u00f5es impostos sobre produtos l\\u00edquidos de subs\\u00eddios a pre\\u00e7o de mercado. Em 2012, o valor do Produto Interno Bruto per capita foi de R$ 12 399,02 mil.</p>\", \"id\": \"7b55c773-1dce-4e5e-b1bf-8c1010df9a3b\"}]",
      "address": "Petrolina,\r\nPernambuco,\r\nBrasil",
      "lat_long": "63.419061,-19.0064982",
      "email": "contato@petrolina.com.br",
      "phone": "(87)2222-1177"
    }
  },
  {
    "model": "locations.locationpage",
    "pk": 67,
    "fields": {
      "introduction": "Garanhuns é um município brasileiro do agreste do estado de Pernambuco, distante 230 quilômetros da capital pernambucana, Recife. Ocupa uma área de 458,552 km², sendo 7,11 km² formando o perímetro urbano e 451,44 km² formando a zona rural.",
      "image": 44,
      "body": "[{\"type\": \"paragraph_block\", \"value\": \"<p data-block-key=\\\"sjwy8\\\">Segundo levantamento do Instituto Brasileiro de Geografia e Estat\\u00edstica, o Produto Interno Bruto (PIB) de Garanhuns \\u00e9 o 413.\\u00b0 maior do Brasil e o 11.\\u00b0 maior de Pernambuco. Ainda de acordo com os dados das Contas Regionais do IBGE para o ano de 2011, o valor bruto do PIB era de R$ 1\\u00a0201\\u00a0225 mil, sendo R$ 149\\u00a0558 mil impostos sobre produtos l\\u00edquidos de subs\\u00eddios a pre\\u00e7os correntes. O valor do Produto Interno Bruto <i>per capita</i> foi de R$ 9\\u00a0218,71.</p>\", \"id\": \"914725ef-0285-435c-ae73-1ca5c4e484b5\"}]",
      "address": "Garanhuns,\r\nPernambuco,\r\nBrasil",
      "lat_long": "63.9375899, -21.0419085",
      "email": "contato@garanhuns.com.br",
      "phone": "(87)1133-2244"
    }
  },
  {
    "model": "locations.locationpage",
    "pk": 78,
    "fields": {
      "introduction": "Escada é um município brasileiro do estado de Pernambuco. Distante a 60 km da capital pernambucana, Recife, é o município mais populoso de sua microrregião e um dos principais da Microrregião da Mata Meridional Pernambucana. Conhecida como \"Princesa dos Canaviais\", apelido que remete ao passado dos grandes engenhos de cana de cana-de-açúcar instalados na região.",
      "image": 48,
      "body": "[{\"type\": \"paragraph_block\", \"value\": \"<p data-block-key=\\\"26ay3\\\"><br/></p><p data-block-key=\\\"rw161\\\">Escada registrou um PIB nominal de 1,061 bilh\\u00e3o de reais e um PIB nominal per capta de 15.417,92 reais em 2019. Em rela\\u00e7\\u00e3o ao PIB nominal, o munic\\u00edpio ocupou a 25\\u00ba posi\\u00e7\\u00e3o em Pernambuco, j\\u00e1 em per capta ficou na posi\\u00e7\\u00e3o 31. O sal\\u00e1rio m\\u00e9dio mensal foi verificado como sendo de 1,8 sal\\u00e1rio m\\u00ednimo, estando na posi\\u00e7\\u00e3o 29 a n\\u00edvel estadual. A porcentagem de pessoal ocupado em 2019 era de 10,5% ou 7 230 pessoas, em n\\u00fameros absolutos. Al\\u00e9m disso, segundo o PNUD, o seu IDH (\\u00cdndice de Desenvolvimento Humano) era de 0,632 em 2010, sendo considerado m\\u00e9dio e estando entre um dos melhores da regi\\u00e3o. No \\u00cdndice de Gine a pontua\\u00e7\\u00e3o foi de 0,46 em 2010.</p>\", \"id\": \"fa668bc0-91ac-453b-ab37-39d01750364e\"}]",
      "address": "Escada,\r\nPernambuco,\r\nBrasil",
      "lat_long": "64.2518583,-15.2037097",
      "email": "contato@escada.com.br",
      "phone": "(81)1744-3399"
    }
  },
  {
    "model": "locations.locationpage",
    "pk": 79,
    "fields": {
      "introduction": "Caruaru é um município brasileiro do estado de Pernambuco, situado na região nordeste do país. Pertence à Região geográfica intermediária de Caruaru. A sua população, segundo as estimativas do IBGE em 2021 é de 369.343 habitantes, sendo a mais populosa cidade do interior pernambucano e a terceira mais populosa do interior nordestino, atrás apenas de Feira de Santana e Campina Grande. O município localiza-se a oeste da capital do estado, Recife, distando desta cerca de 130 km. Ocupa uma área de 920,611 km², sendo que 80,561 km² estão em perímetro urbano e os 840,05 km² restantes formam a zona rural.",
      "image": 49,
      "body": "[{\"type\": \"paragraph_block\", \"value\": \"<p data-block-key=\\\"ppy8q\\\"><br/></p><p data-block-key=\\\"cwnin\\\">O Produto Interno Bruto de Caruaru \\u00e9 o 181\\u00b0 maior do Brasil e o 5\\u00b0 maior do estado de Pernambuco. De acordo com as Contas Regionais do ano 2011, o Instituto Brasileiro de Geografia e Estat\\u00edstica calculou o valor bruto do PIB em R$ 3.407.458 mil, sendo R$ 468.871 mil impostos sobre produtos l\\u00edquidos de subs\\u00eddios a pre\\u00e7os correntes. O Produto Interno Bruto per capita era de R$ 10.662,30 mil.</p>\", \"id\": \"fba7d5a6-4de9-4834-8fb0-9a54cf5d41b6\"}]",
      "address": "Caruaru,\r\nPernambuco,\r\nBrasil",
      "lat_long": "64.3214253,-22.0674947",
      "email": "contato@caruaru.com.br",
      "phone": "(81)1144-2288"
    }
  },
  {
    "model": "locations.locationsindexpage",
    "pk": 63,
    "fields": {
      "introduction": "Aqui você vai encontrar as áreas de Agricultura Urbana e Periurbana mapeadas pelo projeto.",
      "image": 10
    }
  },
  {
    "model": "breads.breadsindexpage",
    "pk": 3,
    "fields": {
      "introduction": "Aqui você vai encontrar os produtos produzidos nas AUPs",
      "image": 9
    }
  },
  {
    "model": "breads.breadpage",
    "pk": 34,
    "fields": {
      "introduction": "A batata-doce é um tubérculo, ou raiz, que tem ótima quantidade de energia, pois tem alto teor de carboidratos e ainda é rica em fibras, vitaminas do complexo B, vitamina A, vitamina C e minerais, como o potássio e o magnésio, o que garante diversos benefícios, como prevenção da diabetes, câncer e infarto, melhora da saúde intestinal e aumento da massa muscular.",
      "image": 26,
      "body": "[]",
      "origin": 3,
      "bread_type": 4,
      "ingredients": []
    }
  },
  {
    "model": "breads.breadpage",
    "pk": 35,
    "fields": {
      "introduction": "A acerola é uma fruta rica em vitamina C, um nutriente com propriedades antioxidantes e anti-inflamatórias que combatem os radicais livres, ajudando a evitar o surgimento de situações, como envelhecimento precoce, câncer e pressão alta.",
      "image": 34,
      "body": "[]",
      "origin": 4,
      "bread_type": 5,
      "ingredients": []
    }
  },
  {
    "model": "breads.breadpage",
    "pk": 36,
    "fields": {
      "introduction": "A laranja é uma fruta rica em fibras, vitaminas A, vitamina C, flavonoides e betacaroteno com propriedades antioxidantes e anti-inflamatórias, que auxiliam no combate ao envelhecimento precoce, ajudam a reduzir o colesterol ruim, protegendo de doenças cardiovasculares, e fortalecem o sistema imunológico.",
      "image": 28,
      "body": "[]",
      "origin": 5,
      "bread_type": 6,
      "ingredients": []
    }
  },
  {
    "model": "breads.breadpage",
    "pk": 37,
    "fields": {
      "introduction": "A banana é uma fruta que traz diversos benefícios para a saúde, como fornecer energia para o corpo, reduzir a pressão arterial, evitar cãibras musculares e favorecer o aumento da serotonina, combatendo a depressão e melhorando o humor.",
      "image": 29,
      "body": "[]",
      "origin": 6,
      "bread_type": 7,
      "ingredients": []
    }
  },
  {
    "model": "breads.breadpage",
    "pk": 39,
    "fields": {
      "introduction": "O coentro é uma planta aromática rica em compostos fenólicos, como carotenoides, taninos, flavonoides e saponinas que promovem benefícios para a saúde, como controle dos níveis de colesterol e glicose no sangue, evitando doenças como infarto e diabetes.",
      "image": 30,
      "body": "[]",
      "origin": 1,
      "bread_type": 4,
      "ingredients": []
    }
  },
  {
    "model": "breads.breadpage",
    "pk": 40,
    "fields": {
      "introduction": "A beterraba é um vegetal rico em vitamina C, betalaína, carotenoides e flavonoides, que são antioxidantes que combatem o excesso de radicais livres no organismo, prevenindo danos às células saudáveis e ajudando na proteção contra o câncer e algumas doenças crônicas.",
      "image": 31,
      "body": "[]",
      "origin": 2,
      "bread_type": 4,
      "ingredients": []
    }
  },
  {
    "model": "breads.breadpage",
    "pk": 42,
    "fields": {
      "introduction": "A alface é uma verdura rica em fibras e antioxidantes, favorecendo a perda de peso, melhorando a saúde gastrointestinal e regulando os níveis de açúcar no sangue. ",
      "image": 32,
      "body": "[]",
      "origin": 3,
      "bread_type": 2,
      "ingredients": []
    }
  },
  {
    "model": "breads.breadpage",
    "pk": 49,
    "fields": {
      "introduction": "A cenoura é um legume rico em carotenoides, potássio, fibras e antioxidantes, nutrientes que promovem a saúde dos olhos, evitam o envelhecimento precoce e fortalecem o sistema imunológico.",
      "image": 33,
      "body": "[]",
      "origin": 4,
      "bread_type": 11,
      "ingredients": []
    }
  },
  {
    "model": "breads.breadpage",
    "pk": 53,
    "fields": {
      "introduction": "A cebola é um vegetal popularmente utilizado para temperar vários alimentos. Esse vegetal possui diversos benefícios para a saúde, pois possui propriedades antivirais, antifúngicas, antibacterianas, anti-inflamatórias, anticancerígenas, hipoglicemiantes e antioxidantes.",
      "image": 40,
      "body": "[]",
      "origin": 5,
      "bread_type": 14,
      "ingredients": []
    }
  },
  {
    "model": "breads.breadpage",
    "pk": 57,
    "fields": {
      "introduction": "O repolho é uma hortaliça rica em fibras e antioxidantes que reduzem a absorção de gordura dos alimentos e evitam a oxidação das células de gordura, ajudando a diminuir os níveis de colesterol ruim no sangue.",
      "image": 39,
      "body": "[]",
      "origin": 6,
      "bread_type": 16,
      "ingredients": []
    }
  },
  {
    "model": "breads.breadpage",
    "pk": 59,
    "fields": {
      "introduction": "O tomate é um fruto rico em vitamina C, vitamina A, vitamina K e licopeno, que é um potente antioxidante, ajudando, por isso, a manter a saúde da pele, fortalecer o sistema imunológico e evitar doenças como infarto e aterosclerose.",
      "image": 36,
      "body": "[]",
      "origin": 3,
      "bread_type": 2,
      "ingredients": []
    }
  },
  {
    "model": "blog.blogindexpage",
    "pk": 61,
    "fields": {
      "introduction": "Bem vindo ao nosso blog",
      "image": 11
    }
  },
  {
    "model": "blog.blogpage",
    "pk": 62,
    "fields": {
      "introduction": "Yeasts, with their single-celled growth habit, can be contrasted with molds, which grow hyphae. Fungal species that can take both forms (depending on temperature or other conditions) are called dimorphic fungi (\"dimorphic\" means \"having two forms\").",
      "image": 21,
      "body": "[{\"type\": \"paragraph_block\", \"value\": \"<p>Yeasts are eukaryotic, single-celled microorganisms classified as members of the fungus kingdom. The yeast lineage[which?] originated hundreds of millions of years ago, and 1,500 species are currently identified.[1][2][3] They are estimated to constitute 1% of all described fungal species.[4] Yeasts are unicellular organisms which evolved from multicellular ancestors,[5] with some species having the ability to develop multicellular characteristics by forming strings of connected budding cells known as pseudohyphae or false hyphae.[6] Yeast sizes vary greatly, depending on species and environment, typically measuring 3\\u20134 \\u00b5m in diameter, although some yeasts can grow to 40 \\u00b5m in size.[7] Most yeasts reproduce asexually by mitosis, and many do so by the asymmetric division process known as budding.</p><h3>Contrast with Molds</h3><p>Yeasts, with their single-celled growth habit, can be contrasted with molds, which grow hyphae. Fungal species that can take both forms (depending on temperature or other conditions) are called dimorphic fungi (\\\"dimorphic\\\" means \\\"having two forms\\\").<br/></p><p>By fermentation, the yeast species Saccharomyces cerevisiae converts carbohydrates to carbon dioxide and alcohols \\u2013 for thousands of years the carbon dioxide has been used in baking and the alcohol in alcoholic beverages.[8] It is also a centrally important model organism in modern cell biology research, and is one of the most thoroughly researched eukaryotic microorganisms. Researchers have used it to gather information about the biology of the eukaryotic cell and ultimately human biology.[9] Other species of yeasts, such as Candida albicans, are opportunistic pathogens and can cause infections in humans. Yeasts have recently been used to generate electricity in microbial fuel cells,[10] and produce ethanol for the biofuel industry.<br/></p><p>Yeasts do not form a single taxonomic or phylogenetic grouping. The term \\\"yeast\\\" is often taken as a synonym for Saccharomyces cerevisiae,[11] but the phylogenetic diversity of yeasts is shown by their placement in two separate phyla: the Ascomycota and the Basidiomycota. The budding yeasts (\\\"true yeasts\\\") are classified in the order Saccharomycetales,[12] within the phylum Ascomycota.<br/></p>\"}, {\"type\": \"image_block\", \"value\": {\"image\": 39, \"attribution\": \"Creative Commons\", \"caption\": \"Raised Yummy\"}}]",
      "subtitle": "The art of cultivating yeast",
      "date_published": "2019-01-12"
    }
  },
  {
    "model": "blog.blogpage",
    "pk": 68,
    "fields": {
      "introduction": "Baking is a method of cooking food that uses prolonged dry heat, normally in an oven, but also in hot ashes, or on hot stones. The most common baked item is bread but many other types of foods are baked.",
      "image": 22,
      "body": "[{\"type\": \"paragraph_block\", \"value\": \"<p>Heat is <b>gradually</b> transferred \\\"from the surface of cakes, cookies, and breads to their centre. As heat travels through it transforms batters and doughs into baked goods with a firm dry crust and a softer centre\\\".[2] Baking can be combined with grilling to produce a hybrid barbecue variant by using both methods simultaneously, or one after the other. Baking is related to barbecuing because the concept of the masonry oven is similar to that of a smoke pit.</p>\"}, {\"type\": \"image_block\", \"value\": {\"image\": 24, \"attribution\": \"Creative Commons\", \"caption\": \"Soda Bread\"}}, {\"type\": \"paragraph_block\", \"value\": \"<p>Because of historical social and familial roles,\\u00a0<a href=\\\"https://en.wikipedia.org/wiki/Baking\\\">baking</a>\\u00a0has traditionally been performed at home by women for domestic consumption and by men in bakeries and restaurants for local consumption. When production was industrialized, baking was automated by machines in large factories. The art of baking remains a fundamental skill and is important for nutrition, as baked goods, especially breads, are a common but important food, both from an economic and cultural point of view. A person who prepares baked goods as a profession is called a baker.</p>\"}, {\"type\": \"image_block\", \"value\": {\"image\": 12, \"attribution\": \"\", \"caption\": \"\"}}]",
      "subtitle": "The art of baking",
      "date_published": "2019-02-14"
    }
  },
  {
    "model": "blog.blogpage",
    "pk": 72,
    "fields": {
      "introduction": "Nordic bread culture has existed in Denmark, Finland, Norway, and Sweden from prehistoric time through to the present.",
      "image": 23,
      "body": "[{\"type\": \"paragraph_block\", \"value\": \"<p>Four grain types dominated in the Nordic countries: barley and rye are the oldest; wheat and oats are more recent. During the Iron Age (500 AD \\u2013 1050 AD), rye became the most commonly used grain, followed by barley and oats. Rye was also the most commonly used grain for bread up until the beginning of the 20th century. Today, older grain types such as emmer and spelt are once again being cultivated and new bread types are being developed from these grains.</p><p>Archaeological finds in Denmark indicate use of the two triticum (wheat) species, emmer and einkorn, during the Mesolithic Period (8900 BC \\u2013 3900 BC). There is no direct evidence of bread-making, but cereals have been crushed, cooked and served as porridge since at least 4,200 BC. During the Neolithic Period (3900 BC \\u2013 1800 BC), when agriculture was introduced, barley seems to have taken over to some extent, and ceramic plates apparently used for baking are found. Moulded cereals, with water added to make a dough and baked or fried in the shape of bread, are known as burial gifts in Iron Age graves (200 AD onwards) in the M\\u00e4lardalen area of central Sweden. However, it is not certain that this bread was eaten; it could just have been a burial gift. During the Bronze Age (1800 BC \\u2013 500 AD), oats and the triticum species spelt seem to have been the most commonly used grains, and we see the first real ovens, probably used for baking small loaves and perhaps the first bread (probably around 400 AD).</p><p><br/></p>\"}, {\"type\": \"image_block\", \"value\": {\"image\": 42, \"attribution\": \"Creative Commons\", \"caption\": \"Baking Soda\"}}, {\"type\": \"paragraph_block\", \"value\": \"<p>Scandinavian soldiers in Roman times apparently learned baking techniques when working as mercenaries in the Roman army (200\\u2013400 AD). They subsequently took the technique home with them to show that they had been employed in high status work on the continent[citation needed]. Early Christian traditions promoted an interest in bread. Culturally, German traditions have influenced most of the bread types in the Nordic countries. In the eastern part of Finland, there is a cultural link to Russia and Slavic bread traditions.</p><p>In the Nordic countries, bread was the main part of a meal until the late 18th century. Four different bread regions can be found in the Nordic area in the late 19th century. In the south, soft rye bread dominated. Further north came crisp bread, usually baked with rye, then thin and crispy barley bread. In the far north, soft barley loaves dominated. During the 19th century, potatoes began to become the centrepiece of meals and bread was put aside as an extra source of carbohydrates in a meal. Bread still retained its key function for breakfast, as the open sandwich is a starter for most Nordic people today and potatoes are used as a centrepiece in lunches and dinners.</p>\"}, {\"type\": \"image_block\", \"value\": {\"image\": 14, \"attribution\": \"Creative Commons\", \"caption\": \"Fresh baked\"}}, {\"type\": \"paragraph_block\", \"value\": \"<p>A history of Nordic bread from around 1000 AD and some contemporary types and bread innovations is presented below. Countries are presented in alphabetic order (Denmark, Finland, Iceland, Norway and Sweden). The names of the bread types are mostly given in both the contemporary national language and in English.</p>\"}]",
      "subtitle": "Viking bakeries and Norse donuts",
      "date_published": "2019-03-21"
    }
  },
  {
    "model": "blog.blogpage",
    "pk": 73,
    "fields": {
      "introduction": "During the early years of European settlement of the Americas, settlers and some groups of Indigenous peoples of the Americas used soda or pearl ash, more commonly known as potash (pot ash) or potassium carbonate, as a leavening agent (the forerunner to baking soda) in quick breads.",
      "image": 42,
      "body": "[{\"type\": \"paragraph_block\", \"value\": \"<p>Since it has long been known and is widely used, the salt has many related names such as baking soda, bread soda, cooking soda, and bicarbonate of soda. In colloquial usage, the names sodium bicarbonate and bicarbonate of soda are often truncated. Forms such as sodium bicarb, bicarb soda, bicarbonate, bicarb, or even bica are common. The word saleratus, from Latin <i>sal \\u00e6ratus</i> meaning \\\"aerated salt\\\", was widely used in the 19th century for both sodium bicarbonate and potassium bicarbonate.</p>\"}, {\"type\": \"image_block\", \"value\": {\"image\": 15, \"attribution\": \"Creative Commons\", \"caption\": \"Fresh baked\"}}, {\"type\": \"paragraph_block\", \"value\": \"<p>The prefix, bi, in bicarbonate comes from an outdated naming system and is based on the observation that there is twice as much carbonate (CO3) per sodium in\\u00a0<a href=\\\"https://en.wikipedia.org/wiki/Sodium_bicarbonate\\\">sodium bicarbonate</a>\\u00a0(NaHCO3) as there is carbonate per sodium in sodium carbonate (Na2CO3) and other carbonates. The modern way of analyzing the situation based on the exact chemical composition (which was unknown when the name sodium bicarbonate was coined) says this the other way around: there is half as much sodium in NaHCO3 as in Na2CO3 (Na versus Na2).</p>\"}, {\"type\": \"image_block\", \"value\": {\"image\": 37, \"attribution\": \"Creative Commons\", \"caption\": \"Cornucopia of Breads\"}}]",
      "subtitle": "The ingredients of traditional soda bread are flour, bread soda, salt, and buttermilk.",
      "date_published": "2019-02-08"
    }
  },
  {
    "model": "blog.blogpage",
    "pk": 74,
    "fields": {
      "introduction": "Sandwich bread (also referred to as sandwich loaf)  is bread that is prepared specifically to be used for the preparation of sandwiches.",
      "image": 25,
      "body": "[{\"type\": \"paragraph_block\", \"value\": \"<p>Sandwich breads are produced in many varieties, such as white, whole wheat, sourdough, rye, multigrain and others. Sandwich bread may be formulated to slice easily,[8] cleanly or uniformly, and may have a fine crumb (the soft, inner part of bread) and a light texture.[4] Sandwich bread may be designed to have a balanced proportion of crumb and crust, whereby the bread holds and supports fillings in place and reduces drips and messiness. <a href=\\\"https://en.wikipedia.org/wiki/Sandwich_bread\\\">Some may be designed</a> to not become crumbly, hardened, dried or have too squishy a texture.</p>\"}, {\"type\": \"block_quote\", \"value\": {\"attribute_name\": \"Jim Davis\", \"text\": \"Vegetables are a must on a diet. I suggest carrot cake, zucchini bread, and pumpkin pie.\"}}, {\"type\": \"image_block\", \"value\": {\"image\": 35, \"attribution\": \"Creative Commons\", \"caption\": \"Belgian Waffle\"}}, {\"type\": \"paragraph_block\", \"value\": \"<p>Sandwich bread can refer to cross-sectionally square, sliced white and wheat bread, which has been described as \\\"perfectly designed for holding square luncheon meat\\\".[10] The bread used for preparing finger sandwiches is sometimes referred to as sandwich bread.[10] Pan de molde is a sandwich loaf.[11][12] Some sandwich breads are designed for use in the creation of specific types of sandwiches, such as the submarine sandwich.[13] For barbecuing, use of a high-quality white sandwich bread has been described as suitable for toasting over a fire.[14] Gluten-free sandwich bread may be prepared using gluten-free flour, teff flour.[15][16] and other ingredients.<br/></p><p>In the 1930s in the United States, the term sandwich loaf referred to sliced bread.[10] In contemporary times, U.S. consumers sometimes refer to white bread such as Wonder Bread as sandwich bread and sandwich loaf.[1] Wonder Bread produced and marketed a bread called Wonder Round sandwich bread, which was designed to be used with round-shaped cold cuts and other fillings such as eggs and hamburgers, but it was discontinued due to low consumer demand.[17] American sandwich breads have historically included some fat derived from the use of milk or oil to enrich the bread.</p>\"}]",
      "subtitle": "Innovation in the brick oven",
      "date_published": "2019-02-02"
    }
  },
  {
    "model": "blog.blogpage",
    "pk": 77,
    "fields": {
      "introduction": "A Boston cream pie is a yellow butter cake that is filled with custard or cream and topped with chocolate glaze.",
      "image": 43,
      "body": "[{\"type\": \"paragraph_block\", \"value\": \"<p>Despite its name, it is in fact a cake, and not a pie.[2] The dessert acquired its name when cakes and pies were cooked in the same pans, and the words were used interchangeably.[3] In the latter part of the 19th century, this type of cake was variously called a \\\"cream pie\\\", a \\\"chocolate cream pie\\\", or a \\\"custard cake\\\".[3]</p><p>Owners of the Parker House Hotel in Boston claim that the Boston cream pie was first created at the hotel by Armenian-French chef M. Sanzian in 1856.[4] Called a \\\"Chocolate Cream Pie\\\", this cake consisted of two layers of French butter sponge cake filled with cr\\u00e8me p\\u00e2tissi\\u00e8re and brushed with a rum syrup, its side coated with cr\\u00e8me p\\u00e2tissi\\u00e8re overlain with toasted sliced almonds, and the top coated with chocolate fondant.[5] However, historians dispute this claim to primacy; while this cake may have been served then, there is no specific contemporaneous evidence of it, and custard-filled cake was already popular at that time.[3]</p>\"}, {\"type\": \"image_block\", \"value\": {\"image\": 15, \"attribution\": \"Creative Commons\", \"caption\": \"Central Bakery\"}}, {\"type\": \"paragraph_block\", \"value\": \"<p>The cake is likely derived from the Washington pie, a two-layer yellow cake filled with jam and topped with confectioner's sugar, for which pastry cream of custard eventually replaced the jam, and a chocolate glaze replaced the confectioner's sugar.[2] Today, the cake is topped with a chocolate glaze (such as ganache) and sometimes powdered sugar or a cherry.</p><p>The name first appeared in the 1872 Methodist Almanac.[3] Another early printed use of the term \\\"Boston cream pie\\\" occurred in the Granite Iron Ware Cook Book, printed in 1878.[2] The earliest known recipe of the modern variant was printed in Miss Parloa's Kitchen Companion in 1887 as \\\"Chocolate Cream Pie\\\".[2]</p>\"}]",
      "subtitle": "Banana toffee chocolate pie?",
      "date_published": "2019-02-24"
    }
  },
  {
    "model": "base.formpage",
    "pk": 69,
    "fields": {
      "to_address": "us@example.com",
      "from_address": "you@example.com",
      "subject": "Contact message from Wagtail Demo site",
      "image": null,
      "body": "[{\"type\": \"paragraph_block\", \"value\": \"<p>\\u00a0</p><p>Utilize este formulário para entrar em contato conosco, enviando suas dúvidas, ou sugestões.</p>\"}]",
      "thank_you_text": "<p>Obrigado!</p><p>Recebemos sua mensagem e responderemos o mais rápido possível.</p>"
    }
  },
  {
    "model": "base.gallerypage",
    "pk": 70,
    "fields": {
      "introduction": "Algumas fotos das áreas de Agricutura Urbana e Periurbana.",
      "image": 23,
      "body": "[]",
      "collection": 2
    }
  },
  {
    "model": "base.homepage",
    "pk": 60,
    "fields": {
      "image": 54,
      "hero_text": "Um portal com informações das áreas de Agricultura Urbana e Periurbana (AUP) da RMR.",
      "hero_cta": "Conheça mais o projeto",
      "hero_cta_link": 76,
      "body": "[{\"type\": \"paragraph_block\", \"value\": \"<p><b>Bread</b>\\u00a0is a\\u00a0<a href=\\\"https://en.wikipedia.org/wiki/Staple_food\\\">staple food</a>\\u00a0prepared from a\\u00a0<a href=\\\"https://en.wikipedia.org/wiki/Dough\\\">dough</a>\\u00a0of\\u00a0<a href=\\\"https://en.wikipedia.org/wiki/Flour\\\">flour</a>\\u00a0and\\u00a0<a href=\\\"https://en.wikipedia.org/wiki/Water\\\">water</a>, usually by\\u00a0<a href=\\\"https://en.wikipedia.org/wiki/Baking\\\">baking</a>. Throughout recorded history it has been popular around the world and is one of the oldest artificial foods, having been of importance since the dawn of\\u00a0<a href=\\\"https://en.wikipedia.org/wiki/Agriculture#History\\\">agriculture</a>.</p><p>Proportions of types of flour and other ingredients vary widely, as do modes of preparation. As a result, types, shapes, sizes, and textures of breads differ around the world. Bread may be\\u00a0<a href=\\\"https://en.wikipedia.org/wiki/Leaven\\\">leavened</a>\\u00a0by processes such as reliance on naturally occurring\\u00a0<a href=\\\"https://en.wikipedia.org/wiki/Sourdough\\\">sourdough</a>\\u00a0microbes, chemicals, industrially produced yeast, or high-pressure aeration. Some bread is cooked before it can leaven, including for traditional or religious reasons. Non-cereal ingredients such as fruits, nuts and fats may be included. Commercial bread commonly contains additives to improve flavor, texture, color, shelf life, and ease of manufacturing.</p>\"}]",
      "promo_image": 55,
      "promo_title": "O papel das AUPs",
      "promo_text": "<p>As AUPs podem ser uma das principais ferramentas na contribuição para a segurança alimentar da maioria das cidades, tanto consolidando-se como um componente do sistema alimentar urbano, como minimizando de problemas de insegurança alimentar dos grupos vulneráveis.</p>",
      "featured_section_1_title": "Produtos",
      "featured_section_1": 3,
      "featured_section_2_title": "Locais",
      "featured_section_2": 63,
      "featured_section_3_title": "Blog",
      "featured_section_3": 61
    }
  },
  {
    "model": "base.standardpage",
    "pk": 76,
    "fields": {
      "introduction": "Bem Vindo ao portal de Agricultura Urbana e Periurbana!",
      "image": 41,
      "body": "[{\"type\": \"paragraph_block\", \"value\": \"<h2>Este portal é mantido pelo Instituto Agronômico de Pernambuco</h2><p>O IPA foi criado em 1935 sob a denominação de Instituto de Pesquisas Agronômicas, órgão da administração direta do Estado de Pernambuco, com sede e laboratórios na cidade do Recife.</p> <p> Em 1960, foi transformado em autarquia, permanecendo com a mesma denominação, expandindo suas atividades para o interior por meio de uma rede de estações experimentais que lhe foi incorporada. </p> <p>Em 1975, segundo a Lei 6959, foi novamente transformado, recebendo a denominação de Empresa Pernambucana de Pesquisa Agropecuária, mantendo a sigla IPA, já consagrada no seu universo de atuação. </p> <p>Em consequência da reforma administrativa do Governo do Estado, cujo marco é Lei Complementar 049 de 31/01/2003, o IPA ampliou sua competência de entidade voltada para pesquisa e desenvolvimento e produção de bens e serviços agropecuários incorporando as atividades de assistência técnica, extensão rural e de infra-estrutura hídrica. O IPA, nos dias de hoje, integra o Sistema Nacional de Pesquisa Agropecuária (SNPA), coordenado pela EMBRAPA.</p>\"}]"
    }
  }
]
